2026-10-08T22:10:04.447764 ['click', '540', '1100']
Tapped (540, 1100)

2026-10-08T22:10:05.674080 ['snapshot', '-i']
Snapshot: 17 visible nodes (36 total)
Collapsed 19 Android helper nodes from the agent-facing text snapshot; use --raw or --json for the full hierarchy.
@e1 [group] "Previous"
@e3 [group] "Next"
@e5 [group] "Fixtures"
@e7 [group] "Dictionary"
@e9 [group] "Close"
@e11 [group] "Smaller"
@e13 [group] "Larger"
@e15 [group] "Margins"
@e17 [group] "Annotations"
@e19 [group] "Add bookmark"
@e21 [seekbar] "Reading position preview slider"
@e22 [group] "Return to 50%"
@e24 [group] "Chapter"
@e26 [group] "Search result"
@e28 [group] "Bookmark style"
@e30 [group] "Pasaje 1.05: La viajera mira el jardín. Una canción recuerda el árbol, mientras los niños caminan entre flores. Cada palabra tiene su lugar en esta historia., Pasaje 1.06: La viajera mira el jardín. Una canción recuerda el árbol, mientras los niños caminan entre flores. Cada palabra tiene su lugar en esta historia., Pasaje 1.07: La viajera mira el jardín. Una canción recuerda el árbol, mientras los niños caminan entre flores. Cada palabra tiene su lugar en esta historia., Pasaje 1.08: La viajera mira el jardín. Una canción recuerda el árbol, mientras los niños caminan entre flores. Cada palabra tiene su lugar en esta historia., Pasaje 1.09: La viajera mira el jardín. Una canción recuerda el árbol, mientras los niños caminan entre flores. Cada palabra tiene su lugar en esta historia."
@e31 [webview] "El jardín de las palabras 1" [focused]

2026-10-08T22:10:12.518879 ['click', '@e5']
Tapped @e5 (491, 1466)

2026-10-08T22:10:13.323042 ['snapshot', '-i']
Snapshot: 13 visible nodes (29 total)
Collapsed 16 Android helper nodes from the agent-facing text snapshot; use --raw or --json for the full hierarchy.
@e1 [group] "Import EPUB"
@e3 [group] "Import Spanish fixture"
@e5 [group] "Import English fixture"
@e7 [group] "Short footnote fixture"
@e9 [group] "Long footnote fixture"
@e11 [group] "Generic nested note fixture"
@e13 [group] "Dictionaries"
@e15 [group] "El jardín de las palabras [es]"
@e17 [group] "Marked long footnote fixture [en]"
@e19 [group] "Marked short footnote fixture [es]"
@e21 [group] "The garden of words [en]"
@e23 [group] "Pasaje 1.05: La viajera mira el jardín. Una canción recuerda el árbol, mientras los niños caminan entre flores. Cada palabra tiene su lugar en esta historia., Pasaje 1.06: La viajera mira el jardín. Una canción recuerda el árbol, mientras los niños caminan entre flores. Cada palabra tiene su lugar en esta historia., Pasaje 1.07: La viajera mira el jardín. Una canción recuerda el árbol, mientras los niños caminan entre flores. Cada palabra tiene su lugar en esta historia., Pasaje 1.08: La viajera mira el jardín. Una canción recuerda el árbol, mientras los niños caminan entre flores. Cada palabra tiene su lugar en esta historia., Pasaje 1.09: La viajera mira el jardín. Una canción recuerda el árbol, mientras los niños caminan entre flores. Cada palabra tiene su lugar en esta historia."
@e24 [webview] "El jardín de las palabras 1" [focused]

2026-10-08T22:10:17.840228 ['click', '@e1']
Tapped @e1 (221, 523)

2026-10-08T22:10:20.934214 ['snapshot', '-i']
Error (COMMAND_FAILED): Android snapshot helper returned only non-application windows
Hint: Retry after the app UI stabilizes. If this persists, capture a screenshot and report the helper diagnostics; agent-device does not substitute a second snapshot engine.
Diagnostic ID: mv0e0w1w-c4991543
Diagnostics Log: /home/camilo/.agent-device/remote-diagnostics/t3-2616f50f6a8a7d839226cb8a/requests/6872e696f0e8dcaf.ndjson

2026-10-08T22:10:25.605227 ['snapshot', '-i']
Snapshot: 14 visible nodes (19 total)
Collapsed 5 Android helper nodes from the agent-facing text snapshot; use --raw or --json for the full hierarchy.
@e1 [scroll-area] [scrollable]
  [content below scroll-area hidden]
@e2 [scroll-area] "Files in Downloads, Downloads" [scrollable]
@e3 [list]
@e6 [horizontalscrollview] [scrollable]
@e7 [button] "Large files"
@e8 [button] "This week"
@e10 [button] "List view"
@e11 [button] "Show roots"
@e12 [button] "Search"
@e13 [image] "More options"
@e14 [gridview] "combined-en.epub, 2.41 kB, 10:08 PM"
@e15 [cardview] "com.google.android.documentsui:id/item_root"
@e16 [group] "Preview the file combined-en.epub"

2026-10-08T22:10:30.920089 ['click', '@e14']
Tapped @e14 (540, 1266)

2026-10-08T22:10:39.097288 ['open', 'dev.reader.ldx']
Opened: dev.reader.ldx
Session state: /home/camilo/.t3/userdata/device/agent-device/sessions/t3-2616f50f6a8a7d839226cb8a

2026-10-08T22:10:57.775461 ['back']
Back

2026-10-08T22:11:00.435103 ['snapshot', '-i']
Page: dev.reader.ldx
App: dev.reader.ldx
Snapshot: 16 visible nodes
@e1 [scroll-area] "com.google.android.apps.nexuslauncher:id/workspace" [scrollable]
  [content below scroll-area hidden]
@e2 [viewpager] "At a glance"
@e3 [group]
@e4 [text] "Thu, Oct 8"
@e5 [text] "Play Store"
@e6 [text] "Gmail"
@e7 [text] "Photos"
@e8 [text] "YouTube"
@e9 [text] "Phone"
@e10 [text] "Messages"
@e11 [text] "Chrome"
@e12 [text] "Kindle"
@e13 [group] "Google search"
@e14 [image] "Google app"
@e15 [image] "Voice search"
@e16 [button] "Google Lens"

2026-10-08T22:11:10.689597 ['open', 'dev.reader.ldx']
Opened: dev.reader.ldx
Session state: /home/camilo/.t3/userdata/device/agent-device/sessions/t3-2616f50f6a8a7d839226cb8a

2026-10-08T22:11:13.019603 ['snapshot', '-i']
Page: dev.reader.ldx
App: dev.reader.ldx
Snapshot: 12 visible nodes (23 total)
Collapsed 11 Android helper nodes from the agent-facing text snapshot; use --raw or --json for the full hierarchy.
@e1 [group] "Import EPUB"
@e3 [group] "Import Spanish fixture"
@e5 [group] "Import English fixture"
@e7 [group] "Short footnote fixture"
@e9 [group] "Long footnote fixture"
@e11 [group] "Generic nested note fixture"
@e13 [group] "Dictionaries"
@e15 [group] "El jardín de las palabras [es]"
@e17 [group] "Marked long footnote fixture [en]"
@e19 [group] "Marked short footnote fixture [es]"
@e21 [group] "The garden of words [en]"

2026-10-08T22:11:19.062489 ['click', '@e1']
Tapped @e1 (221, 523)

2026-10-08T22:11:22.223822 ['screenshot', '/tmp/reader8-picker.png']
/tmp/reader8-picker.png (1080x2400)

2026-10-08T22:11:30.552173 ['click', '540', '1100']
Tapped (540, 1100)

2026-10-08T22:11:31.758626 ['snapshot', '-i']
Page: dev.reader.ldx
App: dev.reader.ldx
Snapshot: 17 visible nodes (31 total)
Collapsed 14 Android helper nodes from the agent-facing text snapshot; use --raw or --json for the full hierarchy.
@e1 [group] "Previous"
@e3 [group] "Next"
@e5 [group] "Fixtures"
@e7 [group] "Dictionary"
@e9 [group] "Close"
@e11 [group] "Smaller"
@e13 [group] "Larger"
@e15 [group] "Margins"
@e17 [group] "Annotations"
@e19 [group] "Add bookmark"
@e21 [seekbar] "Reading position preview slider"
@e22 [group] "Return to 50%"
@e24 [group] "Chapter"
@e26 [group] "Search result"
@e28 [group] "Bookmark style"
@e31 [webview] "dev.reader.ldx:id/webView" [focused]

2026-10-08T22:11:35.526330 ['click', '@e5']
Tapped @e5 (491, 1466)

2026-10-08T22:11:36.213877 ['snapshot', '-i']
Page: dev.reader.ldx
App: dev.reader.ldx
Snapshot: 15 visible nodes (35 total)
Collapsed 20 Android helper nodes from the agent-facing text snapshot; use --raw or --json for the full hierarchy.
@e1 [group] "Import EPUB"
@e3 [group] "Import Spanish fixture"
@e5 [group] "Import English fixture"
@e7 [group] "Short footnote fixture"
@e9 [group] "Long footnote fixture"
@e11 [group] "Generic nested note fixture"
@e13 [group] "Dictionaries"
@e15 [group] "El jardín de las palabras [es]"
@e17 [group] "Marked long footnote fixture [en]"
@e19 [group] "Marked short footnote fixture [es]"
@e21 [group] "The garden of words [en]"
@e23 [group] "El jardín de las palabras 1, Árbol, canción y corazón. Espero que estas palabras no afecten la lectura., Pasaje 1.01: La viajera mira el jardín. Una canción recuerda el árbol, mientras los niños caminan entre flores. Cada palabra tiene su lugar en esta historia., Pasaje 1.02: La viajera mira el jardín. Una canción recuerda el árbol, mientras los niños caminan entre flores. Cada palabra tiene su lugar en esta historia., Pasaje 1.03: La viajera mira el jardín. Una canción recuerda el árbol, mientras los niños caminan entre flores. Cada palabra tiene su lugar en esta historia., Pasaje 1.04: La viajera mira el jardín. Una canción recuerda el árbol, mientras los niños caminan entre flores. Cada palabra tiene su lugar en esta historia., Ir al segundo capítulo, ., [2]"
@e24 [webview] "El jardín de las palabras 1" [focused]
@e27 [group] "link"
@e29 [group] "[2]"

2026-10-08T22:11:40.063285 ['click', '@e1']
Tapped @e1 (221, 523)

2026-10-08T22:11:42.964148 ['snapshot', '-i']
Error (COMMAND_FAILED): Android snapshot helper returned insufficient foreground app content
Hint: Retry after the app UI stabilizes. If this persists, capture a screenshot and report the helper diagnostics; agent-device does not substitute a second snapshot engine.
Diagnostic ID: mv0e2nir-d8b51955
Diagnostics Log: /home/camilo/.agent-device/remote-diagnostics/t3-2616f50f6a8a7d839226cb8a/requests/195866af31f21a9c.ndjson

2026-10-08T22:11:47.635248 ['snapshot', '-i']
Page: dev.reader.ldx
App: dev.reader.ldx
Snapshot: 14 visible nodes (19 total)
Collapsed 5 Android helper nodes from the agent-facing text snapshot; use --raw or --json for the full hierarchy.
@e1 [scroll-area] [scrollable]
  [content below scroll-area hidden]
@e2 [scroll-area] "Files in Downloads, Downloads" [scrollable]
@e3 [list]
@e6 [horizontalscrollview] [scrollable]
@e7 [button] "Large files"
@e8 [button] "This week"
@e10 [button] "List view"
@e11 [button] "Show roots"
@e12 [button] "Search"
@e13 [image] "More options"
@e14 [gridview] "combined-en.epub, 2.41 kB, 10:08 PM"
@e15 [cardview] "com.google.android.documentsui:id/item_root"
@e16 [group] "Preview the file combined-en.epub"

2026-10-08T22:11:51.066291 ['click', '@e15']
Tapped @e15 (297, 980)

2026-10-08T22:11:52.458254 ['snapshot', '-i']
Page: dev.reader.ldx
App: dev.reader.ldx
Snapshot: 11 visible nodes (22 total)
Collapsed 11 Android helper nodes from the agent-facing text snapshot; use --raw or --json for the full hierarchy.
@e1 [group] "Import EPUB"
@e3 [group] "Import Spanish fixture"
@e5 [group] "Import English fixture"
@e7 [group] "Short footnote fixture"
@e9 [group] "Long footnote fixture"
@e11 [group] "Generic nested note fixture"
@e13 [group] "Dictionaries"
@e15 [group] "El jardín de las palabras [es]"
@e17 [group] "Marked long footnote fixture [en]"
@e19 [group] "Marked short footnote fixture [es]"
@e21 [group] "The garden of words [en]"

2026-10-08T22:12:02.434402 ['open', 'dev.reader.ldx']
Opened: dev.reader.ldx
Session state: /home/camilo/.t3/userdata/device/agent-device/sessions/t3-2616f50f6a8a7d839226cb8a

2026-10-08T22:12:09.247966 ['click', '60', '1200']
Tapped (60, 1200)

2026-10-08T22:12:11.841160 ['click', '1030', '1200']
Tapped (1030, 1200)

2026-10-08T22:12:17.790944 ['help']
Error (INVALID_ARGS): Flags --platform, --serial, --session are not supported for command help.
Hint: Check command arguments and run --help for usage examples.
Diagnostic ID: mv0e3fxr-004738db
Diagnostics Log: /home/camilo/.agent-device/logs/t3-2616f50f6a8a7d839226cb8a/2026-10-09/2026-10-09T03-12-17-777Z-mv0e3fxr-004738db.ndjson

2026-10-08T22:12:31.593233 ['longpress', '135', '720']
Long pressed (135, 720)

2026-10-08T22:12:39.831566 ['click', '@e8']
Tapped @e8 (161, 1903)

2026-10-08T22:12:40.615075 ['snapshot', '-i']
Page: dev.reader.ldx
App: dev.reader.ldx
Snapshot: 12 visible nodes (25 total)
Collapsed 13 Android helper nodes from the agent-facing text snapshot; use --raw or --json for the full hierarchy.
@e1 [scroll-area] [scrollable]
@e2 [group] "Close lookup"
@e4 [group] "Passage actions"
@e6 [text-field] "can't" [editable]
@e7 [text] "Lookup text"
@e8 [group] "Source: en"
@e10 [group] "Target: es"
@e12 [group] "Choose ZIP"
@e14 [group] "The garden of words 2, I can't forget the children's stories. These gardens hold words and memories., Passage 2.01: The traveler watches the garden. A song recalls the tree while children walk among flowers. Every word has its place in this story., Passage 2.02: The traveler watches the garden. A song recalls the tree while children walk among flowers. Every word has its place in this story., Passage 2.03: The traveler watches the garden. A song recalls the tree while children walk among flowers. Every word has its place in this story., Go to the second chapter, ., [2]"
@e15 [webview] "The garden of words 2" [focused]
@e18 [group] "link"
@e20 [group] "[2]"

2026-10-08T22:12:45.529431 ['click', '@e10']
Tapped @e10 (394, 1903)

2026-10-08T22:12:45.990216 ['click', '@e12']
Error (COMMAND_FAILED): Ref @e12 belongs to an expired ref frame — a device action since the snapshot invalidated it
Hint: The UI may have changed since these refs were issued, so they no longer represent current device state. Take a new snapshot before relying on or interacting with them.
Diagnostic ID: mv0e41oh-23a77bc2
Diagnostics Log: /home/camilo/.agent-device/remote-diagnostics/t3-2616f50f6a8a7d839226cb8a/requests/c4b070b4ae8b11b9.ndjson

2026-10-08T22:12:46.559112 ['snapshot', '-i']
Page: dev.reader.ldx
App: dev.reader.ldx
Snapshot: 12 visible nodes (25 total)
Collapsed 13 Android helper nodes from the agent-facing text snapshot; use --raw or --json for the full hierarchy.
@e1 [scroll-area] [scrollable]
@e2 [group] "Close lookup"
@e4 [group] "Passage actions"
@e6 [text-field] "can't" [editable]
@e7 [text] "Lookup text"
@e8 [group] "Source: en"
@e10 [group] "Target: en"
@e12 [group] "Choose ZIP"
@e14 [group] "The garden of words 2, I can't forget the children's stories. These gardens hold words and memories., Passage 2.01: The traveler watches the garden. A song recalls the tree while children walk among flowers. Every word has its place in this story., Passage 2.02: The traveler watches the garden. A song recalls the tree while children walk among flowers. Every word has its place in this story., Passage 2.03: The traveler watches the garden. A song recalls the tree while children walk among flowers. Every word has its place in this story., Go to the second chapter, ., [2]"
@e15 [webview] "The garden of words 2" [focused]
@e18 [group] "link"
@e20 [group] "[2]"

2026-10-08T22:12:53.140157 ['click', '@e12', '--settle']
Tapped @e12 (635, 1903)
settled after 3378ms: +14 -23 (~2 unchanged)
+ @e2~s826387 [scroll-area]
+ @e3~s826387 [list]
- @e3 [text] "Close lookup"
- @e4 [group]
- @e5 [text] "Passage actions"
- @e6 [text-field] "can't"
- @e7 [text] "Lookup text"
- @e8 [group]
- @e9 [text] "Source: en"
- @e10 [group]
- @e11 [text] "Target: en"
- @e12 [group]
- @e13 [text] "Choose ZIP"
- @e14 [group]
- @e15 [webview] "The garden of words 2"
- @e16 [text] "The garden of words 2"
- @e17 [text] "I can't forget the children's stories. These gardens hold words and memories."
- @e18 [group] "link"
- @e19 [text] "Go to the second chapter"
- @e20 [group] "[2]"
- @e21 [text] "[2]"
- @e22 [text] "."
- @e23 [text] "Passage 2.01: The traveler watches the garden. A song recalls the tree while children walk among flowers. Every word has its place in this story."
- @e24 [text] "Passage 2.02: The traveler watches the garden. A song recalls the tree while children walk among flowers. Every word has its place in this story."
- @e25 [text] "Passage 2.03: The traveler watches the garden. A song recalls the tree while children walk among flowers. Every word has its place in this story."
+ @e5~s826387 [text] "Downloads"
+ @e6~s826387 [horizontalscrollview]
+ @e7~s826387 [button] "Large files"
+ @e8~s826387 [button] "This week"
+ @e9~s826387 [text] "Files in Downloads"
+ @e10~s826387 [button] "List view"
+ @e11~s826387 [button] "Show roots"
+ @e12~s826387 [button] "Search"
+ @e13~s826387 [image] "More options"
+ @e14~s826387 [gridview] "com.google.android.documentsui:id/dir_list"
+ @e15~s826387 [cardview] "com.google.android.documentsui:id/item_root"
+ @e16~s826387 [text] "reader8-dictionaries"

2026-10-08T22:12:58.780067 ['click', '@e16~s826387', '--settle']
Tapped @e16 (297, 743)
settled after 1272ms: +6 -2 (~14 unchanged)
- @e5 [text] "Downloads"
+ @e5~s826391 [text] "Downloads" [disabled]
+ @e6~s826391 [group]
+ @e7~s826391 [text] "reader8-dictionaries"
- @e16 [text] "reader8-dictionaries"
+ @e18~s826391 [text] "gcide"
+ @e19~s826391 [cardview] "com.google.android.documentsui:id/item_root"
+ @e20~s826391 [text] "res"

2026-10-08T22:13:05.288427 ['snapshot', '-i']
Page: dev.reader.ldx
App: dev.reader.ldx
Snapshot: 15 visible nodes (20 total)
Collapsed 5 Android helper nodes from the agent-facing text snapshot; use --raw or --json for the full hierarchy.
@e1 [scroll-area] [scrollable]
  [content below scroll-area hidden]
@e2 [scroll-area] "Files in Downloads, reader8-dictionaries, Downloads" [scrollable]
@e3 [list]
@e8 [horizontalscrollview] [scrollable]
@e9 [button] "Large files"
@e10 [button] "This week"
@e12 [button] "List view"
@e13 [button] "Show roots"
@e14 [button] "Search"
@e15 [image] "More options"
@e16 [gridview] "res, gcide"
@e17 [cardview] "com.google.android.documentsui:id/item_root"
@e19 [cardview] "com.google.android.documentsui:id/item_root"

2026-10-08T22:13:06.905510 ['screenshot', '/tmp/dictpicker.png']
/tmp/dictpicker.png (1080x2400)

2026-10-08T22:13:22.939743 ['back', '--settle']
Back
settled after 1496ms: +2 -6 (~14 unchanged)
- @e5 [text] "Downloads" [disabled]
- @e6 [group]
- @e7 [text] "reader8-dictionaries"
+ @e5~s826397 [text] "Downloads"
- @e18 [text] "gcide"
- @e19 [cardview] "com.google.android.documentsui:id/item_root"
- @e20 [text] "res"
+ @e16~s826397 [text] "reader8-dictionaries"

2026-10-08T22:13:23.208672 ['snapshot', '-i']
Page: dev.reader.ldx
App: dev.reader.ldx
Snapshot: 13 visible nodes (16 total)
Collapsed 3 Android helper nodes from the agent-facing text snapshot; use --raw or --json for the full hierarchy.
@e1 [scroll-area] [scrollable]
  [content below scroll-area hidden]
@e2 [scroll-area] "Files in Downloads, Downloads" [scrollable]
@e3 [list]
@e6 [horizontalscrollview] [scrollable]
@e7 [button] "Large files"
@e8 [button] "This week"
@e10 [button] "List view"
@e11 [button] "Show roots"
@e12 [button] "Search"
@e13 [image] "More options"
@e14 [gridview] "reader8-dictionaries"
@e15 [cardview] "com.google.android.documentsui:id/item_root"

2026-10-08T22:13:28.224432 ['click', '@e15', '--settle']
Tapped @e15 (297, 743)
settled after 1153ms: +11 -2 (~14 unchanged)
- @e5 [text] "Downloads"
+ @e5~s826402 [text] "Downloads" [disabled]
+ @e6~s826402 [group]
+ @e7~s826402 [text] "reader8-dictionaries"
- @e16 [text] "reader8-dictionaries"
+ @e18~s826402 [text] "gcide"
+ @e19~s826402 [cardview] "com.google.android.documentsui:id/item_root"
+ @e20~s826402 [text] "res"
+ @e21~s826402 [cardview] "com.google.android.documentsui:id/item_root"
+ @e22~s826402 [group] "Preview the file gcide.zip"
+ @e23~s826402 [text] "gcide.zip"
+ @e24~s826402 [text] "14.97 MB"
+ @e25~s826402 [text] "10:10 PM"

2026-10-08T22:13:28.498109 ['snapshot', '-i']
Page: dev.reader.ldx
App: dev.reader.ldx
Snapshot: 17 visible nodes (25 total)
Collapsed 8 Android helper nodes from the agent-facing text snapshot; use --raw or --json for the full hierarchy.
@e1 [scroll-area] [scrollable]
  [content below scroll-area hidden]
@e2 [scroll-area] "Files in Downloads, reader8-dictionaries, Downloads" [scrollable]
@e3 [list]
@e8 [horizontalscrollview] [scrollable]
@e9 [button] "Large files"
@e10 [button] "This week"
@e12 [button] "List view"
@e13 [button] "Show roots"
@e14 [button] "Search"
@e15 [image] "More options"
@e16 [gridview] "gcide.zip, 14.97 MB, 10:10 PM, res, gcide"
@e17 [cardview] "com.google.android.documentsui:id/item_root"
@e19 [cardview] "com.google.android.documentsui:id/item_root"
@e21 [cardview] "com.google.android.documentsui:id/item_root"
@e22 [group] "Preview the file gcide.zip"

2026-10-08T22:13:41.755420 ['click', '@e21', '--settle']
Tapped @e21 (297, 1129)
settled after 6929ms: +1 -24 (~1 unchanged)
- @e1 [scroll-area]
- @e2 [scroll-area]
- @e3 [list]
- @e5 [text] "Downloads" [disabled]
- @e6 [group]
- @e7 [text] "reader8-dictionaries"
- @e8 [horizontalscrollview]
- @e9 [button] "Large files"
- @e10 [button] "This week"
- @e11 [text] "Files in Downloads"
- @e12 [button] "List view"
- @e13 [button] "Show roots"
- @e14 [button] "Search"
- @e15 [image] "More options"
- @e16 [gridview] "com.google.android.documentsui:id/dir_list"
- @e17 [cardview] "com.google.android.documentsui:id/item_root"
- @e18 [text] "gcide"
- @e19 [cardview] "com.google.android.documentsui:id/item_root"
- @e20 [text] "res"
- @e21 [cardview] "com.google.android.documentsui:id/item_root"
- @e22 [group] "Preview the file gcide.zip"
- @e23 [text] "gcide.zip"
- @e24 [text] "14.97 MB"
- @e25 [text] "10:10 PM"
+ @e2~s826409 [text] "Close"
hint: Settled on a nearly-empty tree — the app may still be loading. Wait for specific content (wait text ...) before interacting.

2026-10-08T22:13:48.113257 ['snapshot', '-i']
Page: dev.reader.ldx
App: dev.reader.ldx
Snapshot: 1 visible nodes (2 total)
Collapsed 1 Android helper node from the agent-facing text snapshot; use --raw or --json for the full hierarchy.
@e1 [group] "Close"

2026-10-08T22:13:57.584648 ['click', '@e1', '--settle']
Tapped @e1 (818, 1383)
settled after 1423ms: +26 -1 (~1 unchanged)
+ @e1~s826415 [scroll-area]
- @e2 [text] "Close"
+ @e3~s826415 [text] "Close lookup"
+ @e4~s826415 [group]
+ @e5~s826415 [text] "Passage actions"
+ @e6~s826415 [text-field] "can't"
+ @e7~s826415 [text] "Lookup text"
+ @e8~s826415 [group]
+ @e9~s826415 [text] "GNU Collaborative International Dictionary of English [en → en]"
+ @e10~s826415 [group]
+ @e11~s826415 [text] "Source: en"
+ @e12~s826415 [group]
+ @e13~s826415 [text] "Target: en"
+ @e14~s826415 [group]
+ @e15~s826415 [text] "Choose ZIP"
+ @e16~s826415 [group]
+ @e17~s826415 [webview] "The garden of words 2"
+ @e18~s826415 [text] "The garden of words 2"
+ @e19~s826415 [text] "I can't forget the children's stories. These gardens hold words and memories."
+ @e20~s826415 [group] "link"
+ @e21~s826415 [text] "Go to the second chapter"
+ @e22~s826415 [group] "[2]"
+ @e23~s826415 [text] "[2]"
+ @e24~s826415 [text] "."
+ @e25~s826415 [text] "Passage 2.01: The traveler watches the garden. A song recalls the tree while children walk among flowers. Every word has its place in this story."
+ @e26~s826415 [text] "Passage 2.02: The traveler watches the garden. A song recalls the tree while children walk among flowers. Every word has its place in this story."
+ @e27~s826415 [text] "Passage 2.03: The traveler watches the garden. A song recalls the tree while children walk among flowers. Every word has its place in this story."

2026-10-08T22:13:57.875625 ['snapshot', '-i']
Page: dev.reader.ldx
App: dev.reader.ldx
Snapshot: 13 visible nodes (27 total)
Collapsed 14 Android helper nodes from the agent-facing text snapshot; use --raw or --json for the full hierarchy.
@e1 [scroll-area] [scrollable]
@e2 [group] "Close lookup"
@e4 [group] "Passage actions"
@e6 [text-field] "can't" [editable]
@e7 [text] "Lookup text"
@e8 [group] "GNU Collaborative International Dictionary of English [en → en]"
@e10 [group] "Source: en"
@e12 [group] "Target: en"
@e14 [group] "Choose ZIP"
@e16 [group] "The garden of words 2, I can't forget the children's stories. These gardens hold words and memories., Passage 2.01: The traveler watches the garden. A song recalls the tree while children walk among flowers. Every word has its place in this story., Passage 2.02: The traveler watches the garden. A song recalls the tree while children walk among flowers. Every word has its place in this story., Passage 2.03: The traveler watches the garden. A song recalls the tree while children walk among flowers. Every word has its place in this story., Go to the second chapter, ., [2]"
@e17 [webview] "The garden of words 2" [focused]
@e20 [group] "link"
@e22 [group] "[2]"

2026-10-08T22:14:04.173198 ['click', 'label="Target: en"', '--settle']
Tapped label="Target: en" (394, 1925)
settled after 1052ms: +1 -1 (~26 unchanged)
- @e13 [text] "Target: en"
+ @e13~s826420 [text] "Target: es"
unchanged interactive (20):
= @e1~s826420 [scroll-area]
= @e2~s826420 [group]
= @e3~s826420 [text] "Close lookup"
= @e4~s826420 [group]
= @e5~s826420 [text] "Passage actions"
= @e6~s826420 [text-field] "can't"
= @e7~s826420 [text] "Lookup text"
= @e8~s826420 [group]
= @e9~s826420 [text] "GNU Collaborative International Dictionary of English [en → en]"
= @e10~s826420 [group]
= @e11~s826420 [text] "Source: en"
= @e12~s826420 [group]
= @e14~s826420 [group]
= @e15~s826420 [text] "Choose ZIP"
= @e16~s826420 [group]
= @e17~s826420 [webview] "The garden of words 2"
= @e18~s826420 [text] "The garden of words 2"
= @e19~s826420 [text] "I can't forget the children's stories. These gardens hold words and memories."
= @e20~s826420 [group] "link"
= @e21~s826420 [text] "Go to the second chapter"
… more interactive elements not shown, use snapshot -i

2026-10-08T22:14:08.917526 ['click', 'label="Choose ZIP"', '--settle']
Tapped label="Choose ZIP" (634, 1925)
settled after 4325ms: +39 -24 (~3 unchanged)
+ @e2~s826426 [scroll-area]
+ @e3~s826426 [list]
- @e3 [text] "Close lookup"
+ @e5~s826426 [text] "Downloads" [disabled]
- @e5 [text] "Passage actions"
- @e6 [text-field] "can't"
- @e7 [text] "Lookup text"
- @e8 [group]
- @e9 [text] "GNU Collaborative International Dictionary of English [en → en]"
- @e10 [group]
- @e11 [text] "Source: en"
- @e12 [group]
- @e13 [text] "Target: es"
- @e14 [group]
- @e15 [text] "Choose ZIP"
- @e16 [group]
- @e17 [webview] "The garden of words 2"
- @e18 [text] "The garden of words 2"
- @e19 [text] "I can't forget the children's stories. These gardens hold words and memories."
- @e20 [group] "link"
- @e21 [text] "Go to the second chapter"
- @e22 [group] "[2]"
- @e23 [text] "[2]"
- @e24 [text] "."
- @e25 [text] "Passage 2.01: The traveler watches the garden. A song recalls the tree while children walk among flowers. Every word has its place in this story."
- @e26 [text] "Passage 2.02: The traveler watches the garden. A song recalls the tree while children walk among flowers. Every word has its place in this story."
- @e27 [text] "Passage 2.03: The traveler watches the garden. A song recalls the tree while children walk among flowers. Every word has its place in this story."
+ @e7~s826426 [text] "reader8-dictionaries"
+ @e8~s826426 [horizontalscrollview]
+ @e9~s826426 [button] "Large files"
+ @e10~s826426 [button] "This week"
+ @e11~s826426 [text] "Files in Downloads"
+ @e12~s826426 [button] "List view"
+ @e13~s826426 [button] "Show roots"
+ @e14~s826426 [button] "Search"
+ @e15~s826426 [image] "More options"
+ @e16~s826426 [gridview] "com.google.android.documentsui:id/dir_list"
+ @e17~s826426 [cardview] "com.google.android.documentsui:id/item_root"
+ @e18~s826426 [text] "gcide"
+ @e19~s826426 [cardview] "com.google.android.documentsui:id/item_root"
+ @e20~s826426 [text] "res"
+ @e21~s826426 [cardview] "com.google.android.documentsui:id/item_root"
+ @e22~s826426 [group] "Preview the file en-es.zip"
+ @e23~s826426 [text] "en-es.zip"
+ @e24~s826426 [text] "2.07 MB"
+ @e25~s826426 [text] "10:10 PM"
+ @e26~s826426 [cardview] "com.google.android.documentsui:id/item_root"
+ @e27~s826426 [group] "Preview the file es-en.zip"
+ @e28~s826426 [text] "es-en.zip"
+ @e29~s826426 [text] "19.29 MB"
+ @e30~s826426 [text] "10:10 PM"
+ @e31~s826426 [cardview] "com.google.android.documentsui:id/item_root"
+ @e32~s826426 [group] "Preview the file es-es.zip"
+ @e33~s826426 [text] "es-es.zip"
+ @e34~s826426 [text] "21.74 MB"
+ @e35~s826426 [text] "10:10 PM"
+ @e36~s826426 [cardview] "com.google.android.documentsui:id/item_root"
+ @e37~s826426 [group] "Preview the file gcide.zip"
+ @e38~s826426 [text] "gcide.zip"
+ @e39~s826426 [text] "14.97 MB"
+ @e40~s826426 [text] "10:10 PM"
+ @e41~s826426 [cardview] "com.google.android.documentsui:id/item_root"
+ @e42~s826426 [group] "Preview the file missing-index.zip"

2026-10-08T22:14:09.235911 ['snapshot', '-i']
Page: dev.reader.ldx
App: dev.reader.ldx
Snapshot: 25 visible nodes (42 total)
Collapsed 17 Android helper nodes from the agent-facing text snapshot; use --raw or --json for the full hierarchy.
@e1 [scroll-area] [scrollable]
  [content below scroll-area hidden]
@e2 [scroll-area] "Files in Downloads, reader8-dictionaries, Downloads" [scrollable]
@e3 [list]
@e8 [horizontalscrollview] [scrollable]
@e9 [button] "Large files"
@e10 [button] "This week"
@e12 [button] "List view"
@e13 [button] "Show roots"
@e14 [button] "Search"
@e15 [image] "More options"
@e16 [gridview] "gcide.zip, 14.97 MB, 10:10 PM, es-es.zip, 21.74 MB, es-en.zip, 19.29 MB, en-es.zip, 2.07 MB, res, gcide"
@e17 [cardview] "com.google.android.documentsui:id/item_root"
@e19 [cardview] "com.google.android.documentsui:id/item_root"
@e21 [cardview] "com.google.android.documentsui:id/item_root"
@e22 [group] "Preview the file en-es.zip"
@e26 [cardview] "com.google.android.documentsui:id/item_root"
@e27 [group] "Preview the file es-en.zip"
@e31 [cardview] "com.google.android.documentsui:id/item_root"
@e32 [group] "Preview the file es-es.zip"
@e36 [cardview] "com.google.android.documentsui:id/item_root"
@e37 [group] "Preview the file gcide.zip"
@e41 [cardview] "com.google.android.documentsui:id/item_root"
@e42 [group] "Preview the file missing-index.zip"
Warning: android snapshots are slow in this run: p95 2532ms over 55 captures. Possible causes: device load, app or dev server stuck, helper fallback, or stale daemon.

2026-10-08T22:14:18.403589 ['click', '@e21', '--settle']
Tapped @e21 (297, 1129)
settled after 3144ms: +1 -41 (~1 unchanged)
- @e1 [scroll-area]
- @e2 [scroll-area]
- @e3 [list]
- @e5 [text] "Downloads" [disabled]
- @e6 [group]
- @e7 [text] "reader8-dictionaries"
- @e8 [horizontalscrollview]
- @e9 [button] "Large files"
- @e10 [button] "This week"
- @e11 [text] "Files in Downloads"
- @e12 [button] "List view"
- @e13 [button] "Show roots"
- @e14 [button] "Search"
- @e15 [image] "More options"
- @e16 [gridview] "com.google.android.documentsui:id/dir_list"
- @e17 [cardview] "com.google.android.documentsui:id/item_root"
- @e18 [text] "gcide"
- @e19 [cardview] "com.google.android.documentsui:id/item_root"
- @e20 [text] "res"
- @e21 [cardview] "com.google.android.documentsui:id/item_root"
- @e22 [group] "Preview the file en-es.zip"
- @e23 [text] "en-es.zip"
- @e24 [text] "2.07 MB"
- @e25 [text] "10:10 PM"
- @e26 [cardview] "com.google.android.documentsui:id/item_root"
- @e27 [group] "Preview the file es-en.zip"
- @e28 [text] "es-en.zip"
- @e29 [text] "19.29 MB"
- @e30 [text] "10:10 PM"
- @e31 [cardview] "com.google.android.documentsui:id/item_root"
- @e32 [group] "Preview the file es-es.zip"
- @e33 [text] "es-es.zip"
- @e34 [text] "21.74 MB"
- @e35 [text] "10:10 PM"
- @e36 [cardview] "com.google.android.documentsui:id/item_root"
- @e37 [group] "Preview the file gcide.zip"
- @e38 [text] "gcide.zip"
- @e39 [text] "14.97 MB"
- @e40 [text] "10:10 PM"
- @e41 [cardview] "com.google.android.documentsui:id/item_root"
- @e42 [group] "Preview the file missing-index.zip"
+ @e2~s826432 [text] "Close"
hint: Settled on a nearly-empty tree — the app may still be loading. Wait for specific content (wait text ...) before interacting.

2026-10-08T22:14:22.258154 ['click', 'label="Close"', '--settle']
Tapped label="Close" (818, 1383)
settled after 1344ms: +28 -1 (~1 unchanged)
+ @e1~s826438 [scroll-area]
- @e2 [text] "Close"
+ @e3~s826438 [text] "Close lookup"
+ @e4~s826438 [group]
+ @e5~s826438 [text] "Passage actions"
+ @e6~s826438 [text-field] "can't"
+ @e7~s826438 [text] "Lookup text"
+ @e8~s826438 [group]
+ @e9~s826438 [text] "GNU Collaborative International Dictionary of English [en → en]"
+ @e10~s826438 [group]
+ @e11~s826438 [text] "Wikcionario Inglés-Español [en → es]"
+ @e12~s826438 [group]
+ @e13~s826438 [text] "Source: en"
+ @e14~s826438 [group]
+ @e15~s826438 [text] "Target: es"
+ @e16~s826438 [group]
+ @e17~s826438 [text] "Choose ZIP"
+ @e18~s826438 [group]
+ @e19~s826438 [webview] "The garden of words 2"
+ @e20~s826438 [text] "The garden of words 2"
+ @e21~s826438 [text] "I can't forget the children's stories. These gardens hold words and memories."
+ @e22~s826438 [group] "link"
+ @e23~s826438 [text] "Go to the second chapter"
+ @e24~s826438 [group] "[2]"
+ @e25~s826438 [text] "[2]"
+ @e26~s826438 [text] "."
+ @e27~s826438 [text] "Passage 2.01: The traveler watches the garden. A song recalls the tree while children walk among flowers. Every word has its place in this story."
+ @e28~s826438 [text] "Passage 2.02: The traveler watches the garden. A song recalls the tree while children walk among flowers. Every word has its place in this story."
+ @e29~s826438 [text] "Passage 2.03: The traveler watches the garden. A song recalls the tree while children walk among flowers. Every word has its place in this story."

2026-10-08T22:14:23.813707 ['click', 'label="Source: en"', '--settle']
Tapped label="Source: en" (161, 2260)
settled after 1071ms: +1 -1 (~28 unchanged)
- @e13 [text] "Source: en"
+ @e13~s826442 [text] "Source: es"

2026-10-08T22:14:27.877015 ['click', 'label="Choose ZIP"', '--settle']
Tapped label="Choose ZIP" (633, 2260)
settled after 3647ms: +39 -26 (~3 unchanged)
+ @e2~s826448 [scroll-area]
+ @e3~s826448 [list]
- @e3 [text] "Close lookup"
+ @e5~s826448 [text] "Downloads" [disabled]
- @e5 [text] "Passage actions"
- @e6 [text-field] "can't"
- @e7 [text] "Lookup text"
- @e8 [group]
- @e9 [text] "GNU Collaborative International Dictionary of English [en → en]"
- @e10 [group]
- @e11 [text] "Wikcionario Inglés-Español [en → es]"
- @e12 [group]
- @e13 [text] "Source: es"
- @e14 [group]
- @e15 [text] "Target: es"
- @e16 [group]
- @e17 [text] "Choose ZIP"
- @e18 [group]
- @e19 [webview] "The garden of words 2"
- @e20 [text] "The garden of words 2"
- @e21 [text] "I can't forget the children's stories. These gardens hold words and memories."
- @e22 [group] "link"
- @e23 [text] "Go to the second chapter"
- @e24 [group] "[2]"
- @e25 [text] "[2]"
- @e26 [text] "."
- @e27 [text] "Passage 2.01: The traveler watches the garden. A song recalls the tree while children walk among flowers. Every word has its place in this story."
- @e28 [text] "Passage 2.02: The traveler watches the garden. A song recalls the tree while children walk among flowers. Every word has its place in this story."
- @e29 [text] "Passage 2.03: The traveler watches the garden. A song recalls the tree while children walk among flowers. Every word has its place in this story."
+ @e7~s826448 [text] "reader8-dictionaries"
+ @e8~s826448 [horizontalscrollview]
+ @e9~s826448 [button] "Large files"
+ @e10~s826448 [button] "This week"
+ @e11~s826448 [text] "Files in Downloads"
+ @e12~s826448 [button] "List view"
+ @e13~s826448 [button] "Show roots"
+ @e14~s826448 [button] "Search"
+ @e15~s826448 [image] "More options"
+ @e16~s826448 [gridview] "com.google.android.documentsui:id/dir_list"
+ @e17~s826448 [cardview] "com.google.android.documentsui:id/item_root"
+ @e18~s826448 [text] "gcide"
+ @e19~s826448 [cardview] "com.google.android.documentsui:id/item_root"
+ @e20~s826448 [text] "res"
+ @e21~s826448 [cardview] "com.google.android.documentsui:id/item_root"
+ @e22~s826448 [group] "Preview the file en-es.zip"
+ @e23~s826448 [text] "en-es.zip"
+ @e24~s826448 [text] "2.07 MB"
+ @e25~s826448 [text] "10:10 PM"
+ @e26~s826448 [cardview] "com.google.android.documentsui:id/item_root"
+ @e27~s826448 [group] "Preview the file es-en.zip"
+ @e28~s826448 [text] "es-en.zip"
+ @e29~s826448 [text] "19.29 MB"
+ @e30~s826448 [text] "10:10 PM"
+ @e31~s826448 [cardview] "com.google.android.documentsui:id/item_root"
+ @e32~s826448 [group] "Preview the file es-es.zip"
+ @e33~s826448 [text] "es-es.zip"
+ @e34~s826448 [text] "21.74 MB"
+ @e35~s826448 [text] "10:10 PM"
+ @e36~s826448 [cardview] "com.google.android.documentsui:id/item_root"
+ @e37~s826448 [group] "Preview the file gcide.zip"
+ @e38~s826448 [text] "gcide.zip"
+ @e39~s826448 [text] "14.97 MB"
+ @e40~s826448 [text] "10:10 PM"
+ @e41~s826448 [cardview] "com.google.android.documentsui:id/item_root"
+ @e42~s826448 [group] "Preview the file missing-index.zip"

2026-10-08T22:14:31.397504 ['click', 'text="es-es.zip"', '--settle']
Tapped text="es-es.zip" (297, 1752)
settled after 3097ms: +26 -39 (~3 unchanged)
- @e2 [scroll-area]
- @e3 [list]
- @e5 [text] "Downloads" [disabled]
+ @e3~s826455 [text] "Close lookup"
- @e7 [text] "reader8-dictionaries"
- @e8 [horizontalscrollview]
- @e9 [button] "Large files"
- @e10 [button] "This week"
- @e11 [text] "Files in Downloads"
- @e12 [button] "List view"
- @e13 [button] "Show roots"
- @e14 [button] "Search"
- @e15 [image] "More options"
- @e16 [gridview] "com.google.android.documentsui:id/dir_list"
- @e17 [cardview] "com.google.android.documentsui:id/item_root"
- @e18 [text] "gcide"
- @e19 [cardview] "com.google.android.documentsui:id/item_root"
- @e20 [text] "res"
- @e21 [cardview] "com.google.android.documentsui:id/item_root"
- @e22 [group] "Preview the file en-es.zip"
- @e23 [text] "en-es.zip"
- @e24 [text] "2.07 MB"
- @e25 [text] "10:10 PM"
- @e26 [cardview] "com.google.android.documentsui:id/item_root"
- @e27 [group] "Preview the file es-en.zip"
- @e28 [text] "es-en.zip"
- @e29 [text] "19.29 MB"
- @e30 [text] "10:10 PM"
- @e31 [cardview] "com.google.android.documentsui:id/item_root"
- @e32 [group] "Preview the file es-es.zip"
- @e33 [text] "es-es.zip"
- @e34 [text] "21.74 MB"
- @e35 [text] "10:10 PM"
- @e36 [cardview] "com.google.android.documentsui:id/item_root"
- @e37 [group] "Preview the file gcide.zip"
- @e38 [text] "gcide.zip"
- @e39 [text] "14.97 MB"
- @e40 [text] "10:10 PM"
- @e41 [cardview] "com.google.android.documentsui:id/item_root"
- @e42 [group] "Preview the file missing-index.zip"
+ @e5~s826455 [text] "Passage actions"
+ @e6~s826455 [text-field] "can't"
+ @e7~s826455 [text] "Lookup text"
+ @e8~s826455 [group]
+ @e9~s826455 [text] "GNU Collaborative International Dictionary of English [en → en]"
+ @e10~s826455 [group]
+ @e11~s826455 [text] "Wikcionario Inglés-Español [en → es]"
+ @e12~s826455 [group]
+ @e13~s826455 [text] "Source: es"
+ @e14~s826455 [group]
+ @e15~s826455 [text] "Target: es"
+ @e16~s826455 [group]
+ @e17~s826455 [text] "Choose ZIP"
+ @e18~s826455 [group]
+ @e19~s826455 [webview] "The garden of words 2"
+ @e20~s826455 [text] "The garden of words 2"
+ @e21~s826455 [text] "I can't forget the children's stories. These gardens hold words and memories."
+ @e22~s826455 [group] "link"
+ @e23~s826455 [text] "Go to the second chapter"
+ @e24~s826455 [group] "[2]"
+ @e25~s826455 [text] "[2]"
+ @e26~s826455 [text] "."
+ @e27~s826455 [text] "Passage 2.01: The traveler watches the garden. A song recalls the tree while children walk among flowers. Every word has its place in this story."
+ @e28~s826455 [text] "Passage 2.02: The traveler watches the garden. A song recalls the tree while children walk among flowers. Every word has its place in this story."
+ @e29~s826455 [text] "Passage 2.03: The traveler watches the garden. A song recalls the tree while children walk among flowers. Every word has its place in this story."

2026-10-08T22:14:41.116268 ['click', 'label="Close"', '--settle']
Tapped label="Close" (818, 1383)
settled after 1338ms: +24 -1 (~1 unchanged)
+ @e1~s826461 [scroll-area]
- @e2 [text] "Close"
+ @e3~s826461 [text] "Close lookup"
+ @e4~s826461 [group]
+ @e5~s826461 [text] "Passage actions"
+ @e6~s826461 [text-field] "can't"
+ @e7~s826461 [text] "Lookup text"
+ @e8~s826461 [group]
+ @e9~s826461 [text] "GNU Collaborative International Dictionary of English [en → en]"
+ @e10~s826461 [group]
+ @e11~s826461 [text] "Wikcionario Inglés-Español [en → es]"
+ @e12~s826461 [group]
+ @e13~s826461 [text] "Wikcionario Español-Español [es → es]"
+ @e14~s826461 [group]
+ @e15~s826461 [webview] "The garden of words 2"
+ @e16~s826461 [text] "The garden of words 2"
+ @e17~s826461 [text] "I can't forget the children's stories. These gardens hold words and memories."
+ @e18~s826461 [group] "link"
+ @e19~s826461 [text] "Go to the second chapter"
+ @e20~s826461 [group] "[2]"
+ @e21~s826461 [text] "[2]"
+ @e22~s826461 [text] "."
+ @e23~s826461 [text] "Passage 2.01: The traveler watches the garden. A song recalls the tree while children walk among flowers. Every word has its place in this story."
+ @e24~s826461 [text] "Passage 2.02: The traveler watches the garden. A song recalls the tree while children walk among flowers. Every word has its place in this story."
+ @e25~s826461 [text] "Passage 2.03: The traveler watches the garden. A song recalls the tree while children walk among flowers. Every word has its place in this story."

2026-10-08T22:14:41.502057 ['click', 'label="Target: es"', '--settle']
Error (COMMAND_FAILED): Selector did not match: label="Target: es"
Hint: Selector text/label values match exactly (quote multi-word values: text="Sign in"). Run snapshot -i to see current elements and refs, or use find <text> for contains matching.
Diagnostic ID: mv0e6ipw-9d1d27f2
Diagnostics Log: /home/camilo/.agent-device/remote-diagnostics/t3-2616f50f6a8a7d839226cb8a/requests/450056544adbbcee.ndjson

2026-10-08T22:14:41.871848 ['click', 'label="Choose ZIP"', '--settle']
Error (COMMAND_FAILED): Selector did not match: label="Choose ZIP"
Hint: Selector text/label values match exactly (quote multi-word values: text="Sign in"). Run snapshot -i to see current elements and refs, or use find <text> for contains matching.
Diagnostic ID: mv0e6j0e-972db45f
Diagnostics Log: /home/camilo/.agent-device/remote-diagnostics/t3-2616f50f6a8a7d839226cb8a/requests/cdda34f643a33853.ndjson

2026-10-08T22:14:42.326946 ['click', 'text="es-en.zip"', '--settle']
Error (COMMAND_FAILED): Selector did not match: text="es-en.zip"
Hint: Selector text/label values match exactly (quote multi-word values: text="Sign in"). Run snapshot -i to see current elements and refs, or use find <text> for contains matching.
Diagnostic ID: mv0e6jaz-5cff5a83
Diagnostics Log: /home/camilo/.agent-device/remote-diagnostics/t3-2616f50f6a8a7d839226cb8a/requests/2982c7af5a74a878.ndjson

2026-10-08T22:14:51.459318 ['click', 'label="Close"', '--settle']
Error (COMMAND_FAILED): Selector did not match: label="Close"
Hint: Selector text/label values match exactly (quote multi-word values: text="Sign in"). Run snapshot -i to see current elements and refs, or use find <text> for contains matching.
Diagnostic ID: mv0e6qe6-406df76f
Diagnostics Log: /home/camilo/.agent-device/remote-diagnostics/t3-2616f50f6a8a7d839226cb8a/requests/68399c41b36e491a.ndjson

2026-10-08T22:14:51.843192 ['click', 'label="Choose ZIP"', '--settle']
Error (COMMAND_FAILED): Selector did not match: label="Choose ZIP"
Hint: Selector text/label values match exactly (quote multi-word values: text="Sign in"). Run snapshot -i to see current elements and refs, or use find <text> for contains matching.
Diagnostic ID: mv0e6qou-e55d2fbd
Diagnostics Log: /home/camilo/.agent-device/remote-diagnostics/t3-2616f50f6a8a7d839226cb8a/requests/627fc55b5d5dfaa3.ndjson

2026-10-08T22:14:52.209457 ['click', 'text="missing-index.zip"', '--settle']
Error (COMMAND_FAILED): Selector did not match: text="missing-index.zip"
Hint: Selector text/label values match exactly (quote multi-word values: text="Sign in"). Run snapshot -i to see current elements and refs, or use find <text> for contains matching.
Diagnostic ID: mv0e6qzj-fa9fedc3
Diagnostics Log: /home/camilo/.agent-device/remote-diagnostics/t3-2616f50f6a8a7d839226cb8a/requests/1f8a4d283597becf.ndjson

2026-10-08T22:14:58.995968 ['snapshot', '-i']
Page: dev.reader.ldx
App: dev.reader.ldx
Snapshot: 12 visible nodes (25 total)
Collapsed 13 Android helper nodes from the agent-facing text snapshot; use --raw or --json for the full hierarchy.
@e1 [scroll-area] [scrollable]
  [content below scroll-area hidden]
@e2 [group] "Close lookup"
@e4 [group] "Passage actions"
@e6 [text-field] "can't" [editable]
@e7 [text] "Lookup text"
@e8 [group] "GNU Collaborative International Dictionary of English [en → en]"
@e10 [group] "Wikcionario Inglés-Español [en → es]"
@e12 [group] "Wikcionario Español-Español [es → es]"
@e14 [group] "The garden of words 2, I can't forget the children's stories. These gardens hold words and memories., Passage 2.01: The traveler watches the garden. A song recalls the tree while children walk among flowers. Every word has its place in this story., Passage 2.02: The traveler watches the garden. A song recalls the tree while children walk among flowers. Every word has its place in this story., Passage 2.03: The traveler watches the garden. A song recalls the tree while children walk among flowers. Every word has its place in this story., Go to the second chapter, ., [2]"
@e15 [webview] "The garden of words 2" [focused]
@e18 [group] "link"
@e20 [group] "[2]"
Warning: android snapshots are slow in this run: p95 1887ms over 97 captures. Possible causes: device load, app or dev server stuck, helper fallback, or stale daemon.

2026-10-08T22:15:00.652975 ['screenshot', '/tmp/u8-current.png']
/tmp/u8-current.png (1080x2400)

2026-10-08T22:15:08.396855 ['scroll', 'down', '600', '--settle']
Scrolled down by 600 of the viewport (1920px)
settled after 1320ms: +6 -2 (~23 unchanged)
- @e3 [text] "Close lookup"
- @e5 [text] "Passage actions"
+ @e13~s826479 [text] "Source: es"
+ @e14~s826479 [group]
+ @e15~s826479 [text] "Target: es"
+ @e16~s826479 [group]
+ @e17~s826479 [text] "Choose ZIP"
+ @e18~s826479 [group]

2026-10-08T22:15:08.715811 ['snapshot', '-i']
Page: dev.reader.ldx
App: dev.reader.ldx
Snapshot: 15 visible nodes (29 total)
Collapsed 14 Android helper nodes from the agent-facing text snapshot; use --raw or --json for the full hierarchy.
@e1 [scroll-area] [scrollable]
  [content above scroll-area hidden]
@e4 [text-field] "can't" [editable]
@e5 [text] "Lookup text"
@e6 [group] "GNU Collaborative International Dictionary of English [en → en]"
@e8 [group] "Wikcionario Inglés-Español [en → es]"
@e10 [group] "Wikcionario Español-Español [es → es]"
@e12 [group] "Source: es"
@e14 [group] "Target: es"
@e16 [group] "Choose ZIP"
@e18 [group] "The garden of words 2, I can't forget the children's stories. These gardens hold words and memories., Passage 2.01: The traveler watches the garden. A song recalls the tree while children walk among flowers. Every word has its place in this story., Passage 2.02: The traveler watches the garden. A song recalls the tree while children walk among flowers. Every word has its place in this story., Passage 2.03: The traveler watches the garden. A song recalls the tree while children walk among flowers. Every word has its place in this story., Go to the second chapter, ., [2]"
@e19 [webview] "The garden of words 2" [focused]
@e22 [group] "link"
@e24 [group] "[2]"

2026-10-08T22:15:14.196047 ['click', 'label="Target: es"', '--settle']
Tapped label="Target: es" (393, 2233)
settled after 1109ms: +1 -1 (~28 unchanged)
- @e15 [text] "Target: es"
+ @e15~s826484 [text] "Target: en"
unchanged interactive (20):
= @e1~s826484 [scroll-area]
= @e2~s826484 [group]
= @e3~s826484 [group]
= @e4~s826484 [text-field] "can't"
= @e5~s826484 [text] "Lookup text"
= @e6~s826484 [group]
= @e7~s826484 [text] "GNU Collaborative International Dictionary of English [en → en]"
= @e8~s826484 [group]
= @e9~s826484 [text] "Wikcionario Inglés-Español [en → es]"
= @e10~s826484 [group]
= @e11~s826484 [text] "Wikcionario Español-Español [es → es]"
= @e12~s826484 [group]
= @e13~s826484 [text] "Source: es"
= @e14~s826484 [group]
= @e16~s826484 [group]
= @e17~s826484 [text] "Choose ZIP"
= @e18~s826484 [group]
= @e19~s826484 [webview] "The garden of words 2"
= @e20~s826484 [text] "The garden of words 2"
= @e21~s826484 [text] "I can't forget the children's stories. These gardens hold words and memories."
… more interactive elements not shown, use snapshot -i

2026-10-08T22:15:18.599093 ['click', 'label="Choose ZIP"', '--settle']
Tapped label="Choose ZIP" (634, 2233)
settled after 3977ms: +39 -26 (~3 unchanged)
+ @e2~s826489 [scroll-area]
+ @e3~s826489 [list]
+ @e5~s826489 [text] "Downloads" [disabled]
- @e4 [text-field] "can't"
- @e5 [text] "Lookup text"
- @e6 [group]
- @e7 [text] "GNU Collaborative International Dictionary of English [en → en]"
- @e8 [group]
- @e9 [text] "Wikcionario Inglés-Español [en → es]"
- @e10 [group]
- @e11 [text] "Wikcionario Español-Español [es → es]"
- @e12 [group]
- @e13 [text] "Source: es"
- @e14 [group]
- @e15 [text] "Target: en"
- @e16 [group]
- @e17 [text] "Choose ZIP"
- @e18 [group]
- @e19 [webview] "The garden of words 2"
- @e20 [text] "The garden of words 2"
- @e21 [text] "I can't forget the children's stories. These gardens hold words and memories."
- @e22 [group] "link"
- @e23 [text] "Go to the second chapter"
- @e24 [group] "[2]"
- @e25 [text] "[2]"
- @e26 [text] "."
- @e27 [text] "Passage 2.01: The traveler watches the garden. A song recalls the tree while children walk among flowers. Every word has its place in this story."
- @e28 [text] "Passage 2.02: The traveler watches the garden. A song recalls the tree while children walk among flowers. Every word has its place in this story."
- @e29 [text] "Passage 2.03: The traveler watches the garden. A song recalls the tree while children walk among flowers. Every word has its place in this story."
+ @e7~s826489 [text] "reader8-dictionaries"
+ @e8~s826489 [horizontalscrollview]
+ @e9~s826489 [button] "Large files"
+ @e10~s826489 [button] "This week"
+ @e11~s826489 [text] "Files in Downloads"
+ @e12~s826489 [button] "List view"
+ @e13~s826489 [button] "Show roots"
+ @e14~s826489 [button] "Search"
+ @e15~s826489 [image] "More options"
+ @e16~s826489 [gridview] "com.google.android.documentsui:id/dir_list"
+ @e17~s826489 [cardview] "com.google.android.documentsui:id/item_root"
+ @e18~s826489 [text] "gcide"
+ @e19~s826489 [cardview] "com.google.android.documentsui:id/item_root"
+ @e20~s826489 [text] "res"
+ @e21~s826489 [cardview] "com.google.android.documentsui:id/item_root"
+ @e22~s826489 [group] "Preview the file en-es.zip"
+ @e23~s826489 [text] "en-es.zip"
+ @e24~s826489 [text] "2.07 MB"
+ @e25~s826489 [text] "10:10 PM"
+ @e26~s826489 [cardview] "com.google.android.documentsui:id/item_root"
+ @e27~s826489 [group] "Preview the file es-en.zip"
+ @e28~s826489 [text] "es-en.zip"
+ @e29~s826489 [text] "19.29 MB"
+ @e30~s826489 [text] "10:10 PM"
+ @e31~s826489 [cardview] "com.google.android.documentsui:id/item_root"
+ @e32~s826489 [group] "Preview the file es-es.zip"
+ @e33~s826489 [text] "es-es.zip"
+ @e34~s826489 [text] "21.74 MB"
+ @e35~s826489 [text] "10:10 PM"
+ @e36~s826489 [cardview] "com.google.android.documentsui:id/item_root"
+ @e37~s826489 [group] "Preview the file gcide.zip"
+ @e38~s826489 [text] "gcide.zip"
+ @e39~s826489 [text] "14.97 MB"
+ @e40~s826489 [text] "10:10 PM"
+ @e41~s826489 [cardview] "com.google.android.documentsui:id/item_root"
+ @e42~s826489 [group] "Preview the file missing-index.zip"

2026-10-08T22:15:21.984185 ['click', 'text="es-en.zip"', '--settle']
Tapped text="es-en.zip" (784, 1129)
settled after 2986ms: +28 -39 (~3 unchanged)
- @e2 [scroll-area]
- @e3 [list]
- @e5 [text] "Downloads" [disabled]
+ @e3~s826496 [text] "Close lookup"
- @e7 [text] "reader8-dictionaries"
- @e8 [horizontalscrollview]
- @e9 [button] "Large files"
- @e10 [button] "This week"
- @e11 [text] "Files in Downloads"
- @e12 [button] "List view"
- @e13 [button] "Show roots"
- @e14 [button] "Search"
- @e15 [image] "More options"
- @e16 [gridview] "com.google.android.documentsui:id/dir_list"
- @e17 [cardview] "com.google.android.documentsui:id/item_root"
- @e18 [text] "gcide"
- @e19 [cardview] "com.google.android.documentsui:id/item_root"
- @e20 [text] "res"
- @e21 [cardview] "com.google.android.documentsui:id/item_root"
- @e22 [group] "Preview the file en-es.zip"
- @e23 [text] "en-es.zip"
- @e24 [text] "2.07 MB"
- @e25 [text] "10:10 PM"
- @e26 [cardview] "com.google.android.documentsui:id/item_root"
- @e27 [group] "Preview the file es-en.zip"
- @e28 [text] "es-en.zip"
- @e29 [text] "19.29 MB"
- @e30 [text] "10:10 PM"
- @e31 [cardview] "com.google.android.documentsui:id/item_root"
- @e32 [group] "Preview the file es-es.zip"
- @e33 [text] "es-es.zip"
- @e34 [text] "21.74 MB"
- @e35 [text] "10:10 PM"
- @e36 [cardview] "com.google.android.documentsui:id/item_root"
- @e37 [group] "Preview the file gcide.zip"
- @e38 [text] "gcide.zip"
- @e39 [text] "14.97 MB"
- @e40 [text] "10:10 PM"
- @e41 [cardview] "com.google.android.documentsui:id/item_root"
- @e42 [group] "Preview the file missing-index.zip"
+ @e5~s826496 [text] "Passage actions"
+ @e6~s826496 [text-field] "can't"
+ @e7~s826496 [text] "Lookup text"
+ @e8~s826496 [group]
+ @e9~s826496 [text] "GNU Collaborative International Dictionary of English [en → en]"
+ @e10~s826496 [group]
+ @e11~s826496 [text] "Wikcionario Inglés-Español [en → es]"
+ @e12~s826496 [group]
+ @e13~s826496 [text] "Wikcionario Español-Español [es → es]"
+ @e14~s826496 [group]
+ @e15~s826496 [text] "Source: es"
+ @e16~s826496 [group]
+ @e17~s826496 [text] "Target: en"
+ @e18~s826496 [group]
+ @e19~s826496 [text] "Choose ZIP"
+ @e20~s826496 [group]
+ @e21~s826496 [webview] "The garden of words 2"
+ @e22~s826496 [text] "The garden of words 2"
+ @e23~s826496 [text] "I can't forget the children's stories. These gardens hold words and memories."
+ @e24~s826496 [group] "link"
+ @e25~s826496 [text] "Go to the second chapter"
+ @e26~s826496 [group] "[2]"
+ @e27~s826496 [text] "[2]"
+ @e28~s826496 [text] "."
+ @e29~s826496 [text] "Passage 2.01: The traveler watches the garden. A song recalls the tree while children walk among flowers. Every word has its place in this story."
+ @e30~s826496 [text] "Passage 2.02: The traveler watches the garden. A song recalls the tree while children walk among flowers. Every word has its place in this story."
+ @e31~s826496 [text] "Passage 2.03: The traveler watches the garden. A song recalls the tree while children walk among flowers. Every word has its place in this story."

2026-10-08T22:15:28.090828 ['snapshot', '-i']
Page: dev.reader.ldx
App: dev.reader.ldx
Snapshot: 1 visible nodes (2 total)
Collapsed 1 Android helper node from the agent-facing text snapshot; use --raw or --json for the full hierarchy.
@e1 [group] "Close"
Warning: android snapshots are slow in this run: p95 1887ms over 117 captures. Possible causes: device load, app or dev server stuck, helper fallback, or stale daemon.

2026-10-08T22:15:38.189748 ['click', '@e1', '--settle']
Tapped @e1 (818, 1383)
settled after 1341ms: +26 -1 (~1 unchanged)
+ @e1~s826503 [scroll-area]
- @e2 [text] "Close"
+ @e3~s826503 [text] "Close lookup"
+ @e4~s826503 [group]
+ @e5~s826503 [text] "Passage actions"
+ @e6~s826503 [text-field] "can't"
+ @e7~s826503 [text] "Lookup text"
+ @e8~s826503 [group]
+ @e9~s826503 [text] "GNU Collaborative International Dictionary of English [en → en]"
+ @e10~s826503 [group]
+ @e11~s826503 [text] "Wikcionario Inglés-Español [en → es]"
+ @e12~s826503 [group]
+ @e13~s826503 [text] "Wikcionario Español-Español [es → es]"
+ @e14~s826503 [group]
+ @e15~s826503 [text] "Wiktionary Spanish-English [es → en]"
+ @e16~s826503 [group]
+ @e17~s826503 [webview] "The garden of words 2"
+ @e18~s826503 [text] "The garden of words 2"
+ @e19~s826503 [text] "I can't forget the children's stories. These gardens hold words and memories."
+ @e20~s826503 [group] "link"
+ @e21~s826503 [text] "Go to the second chapter"
+ @e22~s826503 [group] "[2]"
+ @e23~s826503 [text] "[2]"
+ @e24~s826503 [text] "."
+ @e25~s826503 [text] "Passage 2.01: The traveler watches the garden. A song recalls the tree while children walk among flowers. Every word has its place in this story."
+ @e26~s826503 [text] "Passage 2.02: The traveler watches the garden. A song recalls the tree while children walk among flowers. Every word has its place in this story."
+ @e27~s826503 [text] "Passage 2.03: The traveler watches the garden. A song recalls the tree while children walk among flowers. Every word has its place in this story."

2026-10-08T22:15:41.245379 ['scroll', 'down', '900', '--settle']
Scrolled down by 900 of the viewport (1920px)
settled after 1271ms: +6 -4 (~23 unchanged)
- @e2 [group]
- @e3 [text] "Close lookup"
- @e4 [group]
- @e5 [text] "Passage actions"
+ @e13~s826507 [text] "Source: es"
+ @e14~s826507 [group]
+ @e15~s826507 [text] "Target: en"
+ @e16~s826507 [group]
+ @e17~s826507 [text] "Choose ZIP"
+ @e18~s826507 [group]

2026-10-08T22:15:45.413291 ['click', 'label="Choose ZIP"', '--settle']
Tapped label="Choose ZIP" (634, 2233)
settled after 3743ms: +39 -26 (~3 unchanged)
- @e2 [text-field] "can't"
- @e3 [text] "Lookup text"
+ @e2~s826513 [scroll-area]
+ @e3~s826513 [list]
- @e5 [text] "GNU Collaborative International Dictionary of English [en → en]"
+ @e5~s826513 [text] "Downloads" [disabled]
- @e7 [text] "Wikcionario Inglés-Español [en → es]"
- @e8 [group]
- @e9 [text] "Wikcionario Español-Español [es → es]"
- @e10 [group]
- @e11 [text] "Wiktionary Spanish-English [es → en]"
- @e12 [group]
- @e13 [text] "Source: es"
- @e14 [group]
- @e15 [text] "Target: en"
- @e16 [group]
- @e17 [text] "Choose ZIP"
- @e18 [group]
- @e19 [webview] "The garden of words 2"
- @e20 [text] "The garden of words 2"
- @e21 [text] "I can't forget the children's stories. These gardens hold words and memories."
- @e22 [group] "link"
- @e23 [text] "Go to the second chapter"
- @e24 [group] "[2]"
- @e25 [text] "[2]"
- @e26 [text] "."
- @e27 [text] "Passage 2.01: The traveler watches the garden. A song recalls the tree while children walk among flowers. Every word has its place in this story."
- @e28 [text] "Passage 2.02: The traveler watches the garden. A song recalls the tree while children walk among flowers. Every word has its place in this story."
- @e29 [text] "Passage 2.03: The traveler watches the garden. A song recalls the tree while children walk among flowers. Every word has its place in this story."
+ @e7~s826513 [text] "reader8-dictionaries"
+ @e8~s826513 [horizontalscrollview]
+ @e9~s826513 [button] "Large files"
+ @e10~s826513 [button] "This week"
+ @e11~s826513 [text] "Files in Downloads"
+ @e12~s826513 [button] "List view"
+ @e13~s826513 [button] "Show roots"
+ @e14~s826513 [button] "Search"
+ @e15~s826513 [image] "More options"
+ @e16~s826513 [gridview] "com.google.android.documentsui:id/dir_list"
+ @e17~s826513 [cardview] "com.google.android.documentsui:id/item_root"
+ @e18~s826513 [text] "gcide"
+ @e19~s826513 [cardview] "com.google.android.documentsui:id/item_root"
+ @e20~s826513 [text] "res"
+ @e21~s826513 [cardview] "com.google.android.documentsui:id/item_root"
+ @e22~s826513 [group] "Preview the file en-es.zip"
+ @e23~s826513 [text] "en-es.zip"
+ @e24~s826513 [text] "2.07 MB"
+ @e25~s826513 [text] "10:10 PM"
+ @e26~s826513 [cardview] "com.google.android.documentsui:id/item_root"
+ @e27~s826513 [group] "Preview the file es-en.zip"
+ @e28~s826513 [text] "es-en.zip"
+ @e29~s826513 [text] "19.29 MB"
+ @e30~s826513 [text] "10:10 PM"
+ @e31~s826513 [cardview] "com.google.android.documentsui:id/item_root"
+ @e32~s826513 [group] "Preview the file es-es.zip"
+ @e33~s826513 [text] "es-es.zip"
+ @e34~s826513 [text] "21.74 MB"
+ @e35~s826513 [text] "10:10 PM"
+ @e36~s826513 [cardview] "com.google.android.documentsui:id/item_root"
+ @e37~s826513 [group] "Preview the file gcide.zip"
+ @e38~s826513 [text] "gcide.zip"
+ @e39~s826513 [text] "14.97 MB"
+ @e40~s826513 [text] "10:10 PM"
+ @e41~s826513 [cardview] "com.google.android.documentsui:id/item_root"
+ @e42~s826513 [group] "Preview the file missing-index.zip"

2026-10-08T22:15:45.782485 ['click', 'text="missing-index.zip"', '--settle']
Error (COMMAND_FAILED): Selector did not match: text="missing-index.zip"
Hint: Selector text/label values match exactly (quote multi-word values: text="Sign in"). Run snapshot -i to see current elements and refs, or use find <text> for contains matching.
Diagnostic ID: mv0e7wbq-71d20527
Diagnostics Log: /home/camilo/.agent-device/remote-diagnostics/t3-2616f50f6a8a7d839226cb8a/requests/317762fee89a3b2d.ndjson

2026-10-08T22:15:48.325496 ['click', 'label="Close"', '--settle']
Error (COMMAND_FAILED): Selector did not match: label="Close"
Hint: Selector text/label values match exactly (quote multi-word values: text="Sign in"). Run snapshot -i to see current elements and refs, or use find <text> for contains matching.
Diagnostic ID: mv0e7y9t-2b2803e9
Diagnostics Log: /home/camilo/.agent-device/remote-diagnostics/t3-2616f50f6a8a7d839226cb8a/requests/be5975727bd71f33.ndjson

2026-10-08T22:15:50.210144 ['back', '--settle']
Back
settled after 1529ms: +2 -83 (~14 unchanged)
- @e8 [group]
- @e9 [group]
- @e10 [group]
- @e11 [group]
- @e12 [group]
- @e13 [group]
- @e14 [drawerlayout] "com.google.android.documentsui:id/drawer_layout"
- @e16 [group]
- @e17 [group]
- @e19 [group]
- @e22 [text] "Downloads" [disabled]
- @e23 [image]
- @e24 [group]
- @e25 [text] "reader8-dictionaries"
+ @e5~s826523 [text] "Downloads"
- @e27 [group]
- @e28 [group]
- @e31 [group]
- @e33 [linearlayoutcompat] "com.google.android.documentsui:id/sub_menu"
- @e35 [group]
- @e37 [text] "reader8-dictionaries"
- @e38 [linearlayoutcompat]
- @e41 [group]
- @e42 [group]
- @e43 [group]
- @e44 [group]
- @e47 [cardview]
- @e48 [image]
- @e49 [text] "gcide"
- @e50 [cardview] "com.google.android.documentsui:id/item_root"
- @e51 [cardview]
- @e52 [image]
- @e53 [text] "res"
- @e54 [cardview] "com.google.android.documentsui:id/item_root"
- @e55 [cardview]
- @e56 [group]
- @e57 [image]
- @e58 [image]
- @e59 [group] "Preview the file en-es.zip"
- @e60 [image]
- @e61 [image]
- @e62 [text] "en-es.zip"
- @e63 [text] "2.07 MB"
- @e64 [text] "10:10 PM"
- @e65 [cardview] "com.google.android.documentsui:id/item_root"
- @e66 [cardview]
- @e67 [group]
- @e68 [image]
- @e69 [image]
- @e70 [group] "Preview the file es-en.zip"
- @e71 [image]
- @e72 [image]
- @e73 [text] "es-en.zip"
- @e74 [text] "19.29 MB"
- @e75 [text] "10:10 PM"
- @e76 [cardview] "com.google.android.documentsui:id/item_root"
- @e77 [cardview]
- @e78 [group]
- @e79 [image]
- @e80 [image]
- @e81 [group] "Preview the file es-es.zip"
- @e82 [image]
- @e83 [image]
- @e84 [text] "es-es.zip"
- @e85 [text] "21.74 MB"
- @e86 [text] "10:10 PM"
- @e87 [cardview] "com.google.android.documentsui:id/item_root"
- @e88 [cardview]
- @e89 [group]
- @e90 [image]
- @e91 [image]
- @e92 [group] "Preview the file gcide.zip"
- @e93 [image]
- @e94 [image]
- @e95 [text] "gcide.zip"
- @e96 [text] "14.97 MB"
- @e97 [text] "10:10 PM"
- @e98 [cardview] "com.google.android.documentsui:id/item_root"
- @e99 [cardview]
+ @e16~s826523 [text] "reader8-dictionaries"
… changed lines truncated

2026-10-08T22:15:55.178305 ['back', '--settle']
Back
settled after 2374ms: +27 -14 (~2 unchanged)
- @e2 [scroll-area]
- @e3 [list]
+ @e2~s826529 [text-field] "can't"
+ @e3~s826529 [text] "Lookup text"
- @e5 [text] "Downloads"
- @e6 [horizontalscrollview]
- @e7 [button] "Large files"
- @e8 [button] "This week"
- @e9 [text] "Files in Downloads"
- @e10 [button] "List view"
- @e11 [button] "Show roots"
- @e12 [button] "Search"
- @e13 [image] "More options"
- @e14 [gridview] "com.google.android.documentsui:id/dir_list"
- @e15 [cardview] "com.google.android.documentsui:id/item_root"
- @e16 [text] "reader8-dictionaries"
+ @e5~s826529 [text] "GNU Collaborative International Dictionary of English [en → en]"
+ @e6~s826529 [group]
+ @e7~s826529 [text] "Wikcionario Inglés-Español [en → es]"
+ @e8~s826529 [group]
+ @e9~s826529 [text] "Wikcionario Español-Español [es → es]"
+ @e10~s826529 [group]
+ @e11~s826529 [text] "Wiktionary Spanish-English [es → en]"
+ @e12~s826529 [group]
+ @e13~s826529 [text] "Source: es"
+ @e14~s826529 [group]
+ @e15~s826529 [text] "Target: en"
+ @e16~s826529 [group]
+ @e17~s826529 [text] "Choose ZIP"
+ @e18~s826529 [group]
+ @e19~s826529 [webview] "The garden of words 2"
+ @e20~s826529 [text] "The garden of words 2"
+ @e21~s826529 [text] "I can't forget the children's stories. These gardens hold words and memories."
+ @e22~s826529 [group] "link"
+ @e23~s826529 [text] "Go to the second chapter"
+ @e24~s826529 [group] "[2]"
+ @e25~s826529 [text] "[2]"
+ @e26~s826529 [text] "."
+ @e27~s826529 [text] "Passage 2.01: The traveler watches the garden. A song recalls the tree while children walk among flowers. Every word has its place in this story."
+ @e28~s826529 [text] "Passage 2.02: The traveler watches the garden. A song recalls the tree while children walk among flowers. Every word has its place in this story."
+ @e29~s826529 [text] "Passage 2.03: The traveler watches the garden. A song recalls the tree while children walk among flowers. Every word has its place in this story."

2026-10-08T22:15:57.373424 ['longpress', '670', '1275', '--settle']
Long pressed (670, 1275)
settled after 938ms: +0 -0 (~29 unchanged)
unchanged interactive (20):
= @e1~s826534 [scroll-area]
= @e2~s826534 [text-field] "can't"
= @e3~s826534 [text] "Lookup text"
= @e4~s826534 [group]
= @e5~s826534 [text] "GNU Collaborative International Dictionary of English [en → en]"
= @e6~s826534 [group]
= @e7~s826534 [text] "Wikcionario Inglés-Español [en → es]"
= @e8~s826534 [group]
= @e9~s826534 [text] "Wikcionario Español-Español [es → es]"
= @e10~s826534 [group]
= @e11~s826534 [text] "Wiktionary Spanish-English [es → en]"
= @e12~s826534 [group]
= @e13~s826534 [text] "Source: es"
= @e14~s826534 [group]
= @e15~s826534 [text] "Target: en"
= @e16~s826534 [group]
= @e17~s826534 [text] "Choose ZIP"
= @e18~s826534 [group]
= @e19~s826534 [webview] "The garden of words 2"
= @e20~s826534 [text] "The garden of words 2"
… more interactive elements not shown, use snapshot -i

2026-10-08T22:16:04.601387 ['snapshot', '-i']
Page: dev.reader.ldx
App: dev.reader.ldx
Snapshot: 14 visible nodes (29 total)
Collapsed 15 Android helper nodes from the agent-facing text snapshot; use --raw or --json for the full hierarchy.
@e1 [scroll-area] [scrollable]
  [content above scroll-area hidden]
  [content below scroll-area hidden]
@e2 [text-field] "can't" [editable]
@e3 [text] "Lookup text"
@e4 [group] "GNU Collaborative International Dictionary of English [en → en]"
@e6 [group] "Wikcionario Inglés-Español [en → es]"
@e8 [group] "Wikcionario Español-Español [es → es]"
@e10 [group] "Wiktionary Spanish-English [es → en]"
@e12 [group] "Source: es"
@e14 [group] "Target: en"
@e16 [group] "Choose ZIP"
@e18 [group] "The garden of words 2, I can't forget the children's stories. These gardens hold words and memories., Passage 2.01: The traveler watches the garden. A song recalls the tree while children walk among flowers. Every word has its place in this story., Passage 2.02: The traveler watches the garden. A song recalls the tree while children walk among flowers. Every word has its place in this story., Passage 2.03: The traveler watches the garden. A song recalls the tree while children walk among flowers. Every word has its place in this story., Go to the second chapter, ., [2]"
@e19 [webview] "The garden of words 2" [focused]
@e22 [group] "link"
@e24 [group] "[2]"

2026-10-08T22:16:15.785126 ['click', '@e16', '--settle']
Tapped @e16 (634, 2259)
settled after 3670ms: +39 -26 (~3 unchanged)
- @e2 [text-field] "can't"
- @e3 [text] "Lookup text"
+ @e2~s826540 [scroll-area]
+ @e3~s826540 [list]
- @e5 [text] "GNU Collaborative International Dictionary of English [en → en]"
+ @e5~s826540 [text] "Downloads" [disabled]
- @e7 [text] "Wikcionario Inglés-Español [en → es]"
- @e8 [group]
- @e9 [text] "Wikcionario Español-Español [es → es]"
- @e10 [group]
- @e11 [text] "Wiktionary Spanish-English [es → en]"
- @e12 [group]
- @e13 [text] "Source: es"
- @e14 [group]
- @e15 [text] "Target: en"
- @e16 [group]
- @e17 [text] "Choose ZIP"
- @e18 [group]
- @e19 [webview] "The garden of words 2"
- @e20 [text] "The garden of words 2"
- @e21 [text] "I can't forget the children's stories. These gardens hold words and memories."
- @e22 [group] "link"
- @e23 [text] "Go to the second chapter"
- @e24 [group] "[2]"
- @e25 [text] "[2]"
- @e26 [text] "."
- @e27 [text] "Passage 2.01: The traveler watches the garden. A song recalls the tree while children walk among flowers. Every word has its place in this story."
- @e28 [text] "Passage 2.02: The traveler watches the garden. A song recalls the tree while children walk among flowers. Every word has its place in this story."
- @e29 [text] "Passage 2.03: The traveler watches the garden. A song recalls the tree while children walk among flowers. Every word has its place in this story."
+ @e7~s826540 [text] "reader8-dictionaries"
+ @e8~s826540 [horizontalscrollview]
+ @e9~s826540 [button] "Large files"
+ @e10~s826540 [button] "This week"
+ @e11~s826540 [text] "Files in Downloads"
+ @e12~s826540 [button] "List view"
+ @e13~s826540 [button] "Show roots"
+ @e14~s826540 [button] "Search"
+ @e15~s826540 [image] "More options"
+ @e16~s826540 [gridview] "com.google.android.documentsui:id/dir_list"
+ @e17~s826540 [cardview] "com.google.android.documentsui:id/item_root"
+ @e18~s826540 [text] "gcide"
+ @e19~s826540 [cardview] "com.google.android.documentsui:id/item_root"
+ @e20~s826540 [text] "res"
+ @e21~s826540 [cardview] "com.google.android.documentsui:id/item_root"
+ @e22~s826540 [group] "Preview the file en-es.zip"
+ @e23~s826540 [text] "en-es.zip"
+ @e24~s826540 [text] "2.07 MB"
+ @e25~s826540 [text] "10:10 PM"
+ @e26~s826540 [cardview] "com.google.android.documentsui:id/item_root"
+ @e27~s826540 [group] "Preview the file es-en.zip"
+ @e28~s826540 [text] "es-en.zip"
+ @e29~s826540 [text] "19.29 MB"
+ @e30~s826540 [text] "10:10 PM"
+ @e31~s826540 [cardview] "com.google.android.documentsui:id/item_root"
+ @e32~s826540 [group] "Preview the file es-es.zip"
+ @e33~s826540 [text] "es-es.zip"
+ @e34~s826540 [text] "21.74 MB"
+ @e35~s826540 [text] "10:10 PM"
+ @e36~s826540 [cardview] "com.google.android.documentsui:id/item_root"
+ @e37~s826540 [group] "Preview the file gcide.zip"
+ @e38~s826540 [text] "gcide.zip"
+ @e39~s826540 [text] "14.97 MB"
+ @e40~s826540 [text] "10:10 PM"
+ @e41~s826540 [cardview] "com.google.android.documentsui:id/item_root"
+ @e42~s826540 [group] "Preview the file missing-index.zip"

2026-10-08T22:16:19.082929 ['scroll', 'down', '700', '--settle']
Scrolled down by 700 of the viewport (1920px)
settled after 1264ms: +3 -8 (~34 unchanged)
- @e3 [list]
- @e4 [group]
- @e5 [text] "Downloads" [disabled]
- @e6 [group]
- @e7 [text] "reader8-dictionaries"
- @e8 [horizontalscrollview]
- @e9 [button] "Large files"
- @e10 [button] "This week"
+ @e35~s826544 [text] "missing-index.zip"
+ @e36~s826544 [text] "1.89 MB"
+ @e37~s826544 [text] "10:10 PM"

2026-10-08T22:16:19.368678 ['snapshot', '-i']
Page: dev.reader.ldx
App: dev.reader.ldx
Snapshot: 19 visible nodes (37 total)
Collapsed 18 Android helper nodes from the agent-facing text snapshot; use --raw or --json for the full hierarchy.
@e1 [scroll-area] [scrollable]
  [content above scroll-area hidden]
@e2 [scroll-area] "Files in Downloads" [scrollable]
@e4 [button] "List view"
@e5 [button] "Show roots"
@e6 [button] "Search"
@e7 [image] "More options"
@e8 [gridview] "missing-index.zip, 1.89 MB, 10:10 PM, gcide.zip, 14.97 MB, es-es.zip, 21.74 MB, es-en.zip, 19.29 MB, en-es.zip, 2.07 MB, res, gcide"
@e9 [cardview] "com.google.android.documentsui:id/item_root"
@e11 [cardview] "com.google.android.documentsui:id/item_root"
@e13 [cardview] "com.google.android.documentsui:id/item_root"
@e14 [group] "Preview the file en-es.zip"
@e18 [cardview] "com.google.android.documentsui:id/item_root"
@e19 [group] "Preview the file es-en.zip"
@e23 [cardview] "com.google.android.documentsui:id/item_root"
@e24 [group] "Preview the file es-es.zip"
@e28 [cardview] "com.google.android.documentsui:id/item_root"
@e29 [group] "Preview the file gcide.zip"
@e33 [cardview] "com.google.android.documentsui:id/item_root"
@e34 [group] "Preview the file missing-index.zip"
Warning: android snapshots are slow in this run: p95 1887ms over 158 captures. Possible causes: device load, app or dev server stuck, helper fallback, or stale daemon.

2026-10-08T22:16:28.321833 ['click', '@e33', '--settle']
Tapped @e33 (297, 1965)
settled after 3728ms: +2 -37 (~0 unchanged)
- @e1 [scroll-area]
- @e2 [scroll-area]
- @e3 [text] "Files in Downloads"
- @e4 [button] "List view"
- @e5 [button] "Show roots"
- @e6 [button] "Search"
- @e7 [image] "More options"
- @e8 [gridview] "com.google.android.documentsui:id/dir_list"
- @e9 [cardview] "com.google.android.documentsui:id/item_root"
- @e10 [text] "gcide"
- @e11 [cardview] "com.google.android.documentsui:id/item_root"
- @e12 [text] "res"
- @e13 [cardview] "com.google.android.documentsui:id/item_root"
- @e14 [group] "Preview the file en-es.zip"
- @e15 [text] "en-es.zip"
- @e16 [text] "2.07 MB"
- @e17 [text] "10:10 PM"
- @e18 [cardview] "com.google.android.documentsui:id/item_root"
- @e19 [group] "Preview the file es-en.zip"
- @e20 [text] "es-en.zip"
- @e21 [text] "19.29 MB"
- @e22 [text] "10:10 PM"
- @e23 [cardview] "com.google.android.documentsui:id/item_root"
- @e24 [group] "Preview the file es-es.zip"
- @e25 [text] "es-es.zip"
- @e26 [text] "21.74 MB"
- @e27 [text] "10:10 PM"
- @e28 [cardview] "com.google.android.documentsui:id/item_root"
- @e29 [group] "Preview the file gcide.zip"
- @e30 [text] "gcide.zip"
- @e31 [text] "14.97 MB"
- @e32 [text] "10:10 PM"
- @e33 [cardview] "com.google.android.documentsui:id/item_root"
- @e34 [group] "Preview the file missing-index.zip"
- @e35 [text] "missing-index.zip"
- @e36 [text] "1.89 MB"
- @e37 [text] "10:10 PM"
+ @e1~s826551 [group]
+ @e2~s826551 [text] "Close"
hint: Settled on a nearly-empty tree — the app may still be loading. Wait for specific content (wait text ...) before interacting.

2026-10-08T22:16:30.674866 ['snapshot', '-i']
Page: dev.reader.ldx
App: dev.reader.ldx
Snapshot: 1 visible nodes (2 total)
Collapsed 1 Android helper node from the agent-facing text snapshot; use --raw or --json for the full hierarchy.
@e1 [group] "Close"
Warning: android snapshots are slow in this run: p95 1887ms over 165 captures. Possible causes: device load, app or dev server stuck, helper fallback, or stale daemon.

2026-10-08T22:16:38.834551 ['click', '@e1', '--settle']
Tapped @e1 (818, 1383)
settled after 1248ms: +28 -1 (~1 unchanged)
+ @e1~s826557 [scroll-area]
+ @e2~s826557 [text-field] "can't"
+ @e3~s826557 [text] "Lookup text"
- @e2 [text] "Close"
+ @e5~s826557 [text] "GNU Collaborative International Dictionary of English [en → en]"
+ @e6~s826557 [group]
+ @e7~s826557 [text] "Wikcionario Inglés-Español [en → es]"
+ @e8~s826557 [group]
+ @e9~s826557 [text] "Wikcionario Español-Español [es → es]"
+ @e10~s826557 [group]
+ @e11~s826557 [text] "Wiktionary Spanish-English [es → en]"
+ @e12~s826557 [group]
+ @e13~s826557 [text] "Source: es"
+ @e14~s826557 [group]
+ @e15~s826557 [text] "Target: en"
+ @e16~s826557 [group]
+ @e17~s826557 [text] "Choose ZIP"
+ @e18~s826557 [group]
+ @e19~s826557 [webview] "The garden of words 2"
+ @e20~s826557 [text] "The garden of words 2"
+ @e21~s826557 [text] "I can't forget the children's stories. These gardens hold words and memories."
+ @e22~s826557 [group] "link"
+ @e23~s826557 [text] "Go to the second chapter"
+ @e24~s826557 [group] "[2]"
+ @e25~s826557 [text] "[2]"
+ @e26~s826557 [text] "."
+ @e27~s826557 [text] "Passage 2.01: The traveler watches the garden. A song recalls the tree while children walk among flowers. Every word has its place in this story."
+ @e28~s826557 [text] "Passage 2.02: The traveler watches the garden. A song recalls the tree while children walk among flowers. Every word has its place in this story."
+ @e29~s826557 [text] "Passage 2.03: The traveler watches the garden. A song recalls the tree while children walk among flowers. Every word has its place in this story."

2026-10-08T22:16:39.765836 ['back', '--settle']
Back
settled after 591ms: +0 -17 (~12 unchanged)
- @e1 [scroll-area]
- @e2 [text-field] "can't"
- @e3 [text] "Lookup text"
- @e5 [text] "GNU Collaborative International Dictionary of English [en → en]"
- @e6 [group]
- @e7 [text] "Wikcionario Inglés-Español [en → es]"
- @e8 [group]
- @e9 [text] "Wikcionario Español-Español [es → es]"
- @e10 [group]
- @e11 [text] "Wiktionary Spanish-English [es → en]"
- @e12 [group]
- @e13 [text] "Source: es"
- @e14 [group]
- @e15 [text] "Target: en"
- @e16 [group]
- @e17 [text] "Choose ZIP"
- @e18 [group]
unchanged interactive (12):
= @e1~s826561 [group]
= @e2~s826561 [webview] "The garden of words 2"
= @e3~s826561 [text] "The garden of words 2"
= @e4~s826561 [text] "I can't forget the children's stories. These gardens hold words and memories."
= @e5~s826561 [group] "link"
= @e6~s826561 [text] "Go to the second chapter"
= @e7~s826561 [group] "[2]"
= @e8~s826561 [text] "[2]"
= @e9~s826561 [text] "."
= @e10~s826561 [text] "Passage 2.01: The traveler watches the garden. A song recalls the tree while children walk among flowers. Every word has its place in this story."
= @e11~s826561 [text] "Passage 2.02: The traveler watches the garden. A song recalls the tree while children walk among flowers. Every word has its place in this story."
= @e12~s826561 [text] "Passage 2.03: The traveler watches the garden. A song recalls the tree while children walk among flowers. Every word has its place in this story."

2026-10-08T22:16:40.963758 ['back', '--settle']
Back
settled after 865ms: +0 -0 (~12 unchanged)
unchanged interactive (12):
= @e1~s826565 [group]
= @e2~s826565 [webview] "The garden of words 2"
= @e3~s826565 [text] "The garden of words 2"
= @e4~s826565 [text] "I can't forget the children's stories. These gardens hold words and memories."
= @e5~s826565 [group] "link"
= @e6~s826565 [text] "Go to the second chapter"
= @e7~s826565 [group] "[2]"
= @e8~s826565 [text] "[2]"
= @e9~s826565 [text] "."
= @e10~s826565 [text] "Passage 2.01: The traveler watches the garden. A song recalls the tree while children walk among flowers. Every word has its place in this story."
= @e11~s826565 [text] "Passage 2.02: The traveler watches the garden. A song recalls the tree while children walk among flowers. Every word has its place in this story."
= @e12~s826565 [text] "Passage 2.03: The traveler watches the garden. A song recalls the tree while children walk among flowers. Every word has its place in this story."

2026-10-08T22:16:43.336665 ['longpress', '680', '1275', '--settle']
Long pressed (680, 1275)
settled after 1058ms: +15 -0 (~12 unchanged)
+ @e1~s826570 [scroll-area]
+ @e3~s826570 [text] "Close lookup"
+ @e4~s826570 [group]
+ @e5~s826570 [text] "Passage actions"
+ @e6~s826570 [text-field] "flowers"
+ @e7~s826570 [text] "Lookup text"
+ @e8~s826570 [group]
+ @e9~s826570 [text] "GNU Collaborative International Dictionary of English [en → en]"
+ @e10~s826570 [group]
+ @e11~s826570 [text] "Wikcionario Inglés-Español [en → es]"
+ @e12~s826570 [group]
+ @e13~s826570 [text] "Wikcionario Español-Español [es → es]"
+ @e14~s826570 [group]
+ @e15~s826570 [text] "Wiktionary Spanish-English [es → en]"
+ @e16~s826570 [group]

2026-10-08T22:16:52.348977 ['click', '@e10', '--settle']
Tapped @e10 (376, 1727)
settled after 1031ms: +0 -0 (~27 unchanged)
unchanged interactive (20):
= @e1~s826574 [scroll-area]
= @e2~s826574 [group]
= @e3~s826574 [text] "Close lookup"
= @e4~s826574 [group]
= @e5~s826574 [text] "Passage actions"
= @e6~s826574 [text-field] "flowers"
= @e7~s826574 [text] "Lookup text"
= @e8~s826574 [group]
= @e9~s826574 [text] "GNU Collaborative International Dictionary of English [en → en]"
= @e10~s826574 [group]
= @e11~s826574 [text] "Wikcionario Inglés-Español [en → es]"
= @e12~s826574 [group]
= @e13~s826574 [text] "Wikcionario Español-Español [es → es]"
= @e14~s826574 [group]
= @e15~s826574 [text] "Wiktionary Spanish-English [es → en]"
= @e16~s826574 [group]
= @e17~s826574 [webview] "The garden of words 2"
= @e18~s826574 [text] "The garden of words 2"
= @e19~s826574 [text] "I can't forget the children's stories. These gardens hold words and memories."
= @e20~s826574 [group] "link"
… more interactive elements not shown, use snapshot -i

2026-10-08T22:16:54.565743 ['scroll', 'down', '500', '--settle']
Scrolled down by 500 of the viewport (1920px)
settled after 905ms: +0 -15 (~12 unchanged)
- @e1 [scroll-area]
- @e3 [text] "Close lookup"
- @e4 [group]
- @e5 [text] "Passage actions"
- @e6 [text-field] "flowers"
- @e7 [text] "Lookup text"
- @e8 [group]
- @e9 [text] "GNU Collaborative International Dictionary of English [en → en]"
- @e10 [group]
- @e11 [text] "Wikcionario Inglés-Español [en → es]"
- @e12 [group]
- @e13 [text] "Wikcionario Español-Español [es → es]"
- @e14 [group]
- @e15 [text] "Wiktionary Spanish-English [es → en]"
- @e16 [group]
unchanged interactive (12):
= @e1~s826578 [group]
= @e2~s826578 [webview] "The garden of words 2"
= @e3~s826578 [text] "The garden of words 2"
= @e4~s826578 [text] "I can't forget the children's stories. These gardens hold words and memories."
= @e5~s826578 [group] "link"
= @e6~s826578 [text] "Go to the second chapter"
= @e7~s826578 [group] "[2]"
= @e8~s826578 [text] "[2]"
= @e9~s826578 [text] "."
= @e10~s826578 [text] "Passage 2.01: The traveler watches the garden. A song recalls the tree while children walk among flowers. Every word has its place in this story."
= @e11~s826578 [text] "Passage 2.02: The traveler watches the garden. A song recalls the tree while children walk among flowers. Every word has its place in this story."
= @e12~s826578 [text] "Passage 2.03: The traveler watches the garden. A song recalls the tree while children walk among flowers. Every word has its place in this story."

2026-10-08T22:16:57.589265 ['back', '--settle']
Back
settled after 580ms: +0 -0 (~12 unchanged)
unchanged interactive (12):
= @e1~s826583 [group]
= @e2~s826583 [webview] "The garden of words 2"
= @e3~s826583 [text] "The garden of words 2"
= @e4~s826583 [text] "I can't forget the children's stories. These gardens hold words and memories."
= @e5~s826583 [group] "link"
= @e6~s826583 [text] "Go to the second chapter"
= @e7~s826583 [group] "[2]"
= @e8~s826583 [text] "[2]"
= @e9~s826583 [text] "."
= @e10~s826583 [text] "Passage 2.01: The traveler watches the garden. A song recalls the tree while children walk among flowers. Every word has its place in this story."
= @e11~s826583 [text] "Passage 2.02: The traveler watches the garden. A song recalls the tree while children walk among flowers. Every word has its place in this story."
= @e12~s826583 [text] "Passage 2.03: The traveler watches the garden. A song recalls the tree while children walk among flowers. Every word has its place in this story."

2026-10-08T22:17:00.160066 ['home']
Home

2026-10-08T22:17:02.075332 ['open', 'dev.reader.ldx']
Opened: dev.reader.ldx
Session state: /home/camilo/.t3/userdata/device/agent-device/sessions/t3-2616f50f6a8a7d839226cb8a

2026-10-08T22:17:09.268812 ['open', 'dev.reader.ldx']
Opened: dev.reader.ldx
Session state: /home/camilo/.t3/userdata/device/agent-device/sessions/t3-2616f50f6a8a7d839226cb8a

2026-10-08T22:17:14.245994 ['click', '540', '1100', '--settle']
Tapped (540, 1100)
settled after 997ms: +27 -0 (~12 unchanged)
+ @e2~s826591 [text] "Previous"
+ @e3~s826591 [group]
+ @e4~s826591 [text] "Next"
+ @e5~s826591 [group]
+ @e6~s826591 [text] "Fixtures"
+ @e7~s826591 [group]
+ @e8~s826591 [text] "Dictionary"
+ @e9~s826591 [group]
+ @e10~s826591 [text] "Close"
+ @e11~s826591 [group]
+ @e12~s826591 [text] "Smaller"
+ @e13~s826591 [group]
+ @e14~s826591 [text] "Larger"
+ @e15~s826591 [group]
+ @e16~s826591 [text] "Margins"
+ @e17~s826591 [group]
+ @e18~s826591 [text] "Annotations"
+ @e19~s826591 [group]
+ @e20~s826591 [text] "Add bookmark"
+ @e21~s826591 [seekbar] "Reading position preview slider"
+ @e22~s826591 [group]
+ @e23~s826591 [text] "Chapter"
+ @e24~s826591 [group]
+ @e25~s826591 [text] "Search result"
+ @e26~s826591 [group]
+ @e27~s826591 [text] "Bookmark style"
+ @e28~s826591 [group]

2026-10-08T22:17:15.459749 ['click', 'label="Fixtures"', '--settle']
Tapped label="Fixtures" (491, 1592)
settled after 774ms: +11 -16 (~23 unchanged)
- @e2 [text] "Previous"
+ @e2~s826596 [text] "Import EPUB"
- @e4 [text] "Next"
+ @e4~s826596 [text] "Import Spanish fixture"
- @e6 [text] "Fixtures"
+ @e6~s826596 [text] "Import English fixture"
- @e8 [text] "Dictionary"
+ @e8~s826596 [text] "Short footnote fixture"
- @e10 [text] "Close"
+ @e10~s826596 [text] "Long footnote fixture"
- @e12 [text] "Smaller"
+ @e12~s826596 [text] "Generic nested note fixture"
- @e14 [text] "Larger"
+ @e14~s826596 [text] "Dictionaries"
- @e16 [text] "Margins"
+ @e16~s826596 [text] "El jardín de las palabras [es]"
- @e18 [text] "Annotations"
+ @e18~s826596 [text] "Marked long footnote fixture [en]"
- @e20 [text] "Add bookmark"
- @e21 [seekbar] "Reading position preview slider"
+ @e20~s826596 [text] "Marked short footnote fixture [es]"
- @e23 [text] "Chapter"
+ @e22~s826596 [text] "The garden of words [en]"
- @e25 [text] "Search result"
- @e26 [group]
- @e27 [text] "Bookmark style"
- @e28 [group]

2026-10-08T22:17:17.319797 ['click', 'label="Import Spanish fixture"', '--settle']
Tapped label="Import Spanish fixture" (298, 681)
settled after 1321ms: +0 -12 (~22 unchanged)
- @e23 [group]
- @e24 [webview] "The garden of words 2"
- @e25 [text] "The garden of words 2"
- @e26 [text] "I can't forget the children's stories. These gardens hold words and memories."
- @e27 [group] "link"
- @e28 [text] "Go to the second chapter"
- @e29 [group] "[2]"
- @e30 [text] "[2]"
- @e31 [text] "."
- @e32 [text] "Passage 2.01: The traveler watches the garden. A song recalls the tree while children walk among flowers. Every word has its place in this story."
- @e33 [text] "Passage 2.02: The traveler watches the garden. A song recalls the tree while children walk among flowers. Every word has its place in this story."
- @e34 [text] "Passage 2.03: The traveler watches the garden. A song recalls the tree while children walk among flowers. Every word has its place in this story."
unchanged interactive (20):
= @e1~s826600 [group]
= @e2~s826600 [text] "Import EPUB"
= @e3~s826600 [group]
= @e4~s826600 [text] "Import Spanish fixture"
= @e5~s826600 [group]
= @e6~s826600 [text] "Import English fixture"
= @e7~s826600 [group]
= @e8~s826600 [text] "Short footnote fixture"
= @e9~s826600 [group]
= @e10~s826600 [text] "Long footnote fixture"
= @e11~s826600 [group]
= @e12~s826600 [text] "Generic nested note fixture"
= @e13~s826600 [group]
= @e14~s826600 [text] "Dictionaries"
= @e15~s826600 [group]
= @e16~s826600 [text] "El jardín de las palabras [es]"
= @e17~s826600 [group]
= @e18~s826600 [text] "Marked long footnote fixture [en]"
= @e19~s826600 [group]
= @e20~s826600 [text] "Marked short footnote fixture [es]"
… more interactive elements not shown, use snapshot -i

2026-10-08T22:17:23.467259 ['longpress', '520', '800', '--settle']
Long pressed (520, 800)
settled after 1843ms: +15 -0 (~9 unchanged)
+ @e1~s826606 [scroll-area]
+ @e3~s826606 [text] "Close lookup"
+ @e4~s826606 [group]
+ @e5~s826606 [text] "Passage actions"
+ @e6~s826606 [text-field] "afecten"
+ @e7~s826606 [text] "Lookup text"
+ @e8~s826606 [group]
+ @e9~s826606 [text] "Wikcionario Español-Español [es → es]"
+ @e10~s826606 [group]
+ @e11~s826606 [text] "Wiktionary Spanish-English [es → en]"
+ @e12~s826606 [group]
+ @e13~s826606 [text] "GNU Collaborative International Dictionary of English [en → en]"
+ @e14~s826606 [group]
+ @e15~s826606 [text] "Wikcionario Inglés-Español [en → es]"
+ @e16~s826606 [group]

2026-10-08T22:17:28.070381 ['scroll', 'down', '600', '--settle']
Scrolled down by 600 of the viewport (1920px)
settled after 923ms: +0 -15 (~9 unchanged)
- @e1 [scroll-area]
- @e3 [text] "Close lookup"
- @e4 [group]
- @e5 [text] "Passage actions"
- @e6 [text-field] "afecten"
- @e7 [text] "Lookup text"
- @e8 [group]
- @e9 [text] "Wikcionario Español-Español [es → es]"
- @e10 [group]
- @e11 [text] "Wiktionary Spanish-English [es → en]"
- @e12 [group]
- @e13 [text] "GNU Collaborative International Dictionary of English [en → en]"
- @e14 [group]
- @e15 [text] "Wikcionario Inglés-Español [en → es]"
- @e16 [group]
unchanged interactive (9):
= @e1~s826611 [group]
= @e2~s826611 [webview] "El jardín de las palabras 1"
= @e3~s826611 [text] "El jardín de las palabras 1"
= @e4~s826611 [text] "Árbol, canción y corazón. Espero que estas palabras no afecten la lectura."
= @e5~s826611 [group] "link"
= @e6~s826611 [text] "Pasaje 1.01: La viajera mira el jardín. Una canción recuerda el árbol, mientras los niños caminan entre flores. Cada palabra tiene su lugar en esta historia."
= @e7~s826611 [text] "Pasaje 1.02: La viajera mira el jardín. Una canción recuerda el árbol, mientras los niños caminan entre flores. Cada palabra tiene su lugar en esta historia."
= @e8~s826611 [text] "Pasaje 1.03: La viajera mira el jardín. Una canción recuerda el árbol, mientras los niños caminan entre flores. Cada palabra tiene su lugar en esta historia."
= @e9~s826611 [text] "Pasaje 1.04: La viajera mira el jardín. Una canción recuerda el árbol, mientras los niños caminan entre flores. Cada palabra tiene su lugar en esta historia."

2026-10-08T22:17:30.447353 ['snapshot', '-i']
Page: dev.reader.ldx
App: dev.reader.ldx
Snapshot: 2 visible nodes (9 total)
Collapsed 7 Android helper nodes from the agent-facing text snapshot; use --raw or --json for the full hierarchy.
@e1 [group] "El jardín de las palabras 1, Árbol, canción y corazón. Espero que estas palabras no afecten la lectura., link, Pasaje 1.01: La viajera mira el jardín. Una canción recuerda el árbol, mientras los niños caminan entre flores. Cada palabra tiene su lugar en esta historia., Pasaje 1.02: La viajera mira el jardín. Una canción recuerda el árbol, mientras los niños caminan entre flores. Cada palabra tiene su lugar en esta historia., Pasaje 1.03: La viajera mira el jardín. Una canción recuerda el árbol, mientras los niños caminan entre flores. Cada palabra tiene su lugar en esta historia., Pasaje 1.04: La viajera mira el jardín. Una canción recuerda el árbol, mientras los niños caminan entre flores. Cada palabra tiene su lugar en esta historia."
@e2 [webview] "El jardín de las palabras 1" [focused]

2026-10-08T22:17:49.576499 ['scroll', 'top', '--settle']
Error (COMMAND_FAILED): scroll top moved nothing across 3 passes: the container still reports hidden content but its contents never shifted
Hint: The scroll is not reaching this container. If a field is focused, dismiss the keyboard first; if it is nested inside another scroller, target it directly with scroll <dir> --until <selector>. Some lists ignore synthesized scrolls — a raw drag moves them: swipe x1 y1 x2 y2 started inside the list.
Diagnostic ID: mv0eagu9-04c0f303
Diagnostics Log: /home/camilo/.agent-device/remote-diagnostics/t3-2616f50f6a8a7d839226cb8a/requests/8c2130de8295215f.ndjson

2026-10-08T22:17:49.926702 ['click', 'label="Wiktionary Spanish-English [es → en]"', '--settle']
Error (COMMAND_FAILED): Selector did not match: label="Wiktionary Spanish-English [es → en]"
Hint: Selector text/label values match exactly (quote multi-word values: text="Sign in"). Run snapshot -i to see current elements and refs, or use find <text> for contains matching.
Diagnostic ID: mv0eak4u-02aee195
Diagnostics Log: /home/camilo/.agent-device/remote-diagnostics/t3-2616f50f6a8a7d839226cb8a/requests/0415966c8309a3de.ndjson

2026-10-08T22:17:52.810061 ['scroll', 'down', '350', '--settle']
Scrolled down by 350 of the viewport (1920px)
settled after 1208ms: +6 -12 (~10 unchanged)
- @e8 [group]
- @e9 [group]
- @e10 [group]
- @e11 [group]
- @e12 [group]
- @e13 [group]
- @e14 [composeview]
- @e16 [text] "Verbo transitivo

1Producir un efecto, cambio o alteración en algo o en alguien. Modificar, influir, alterar o mudar su forma o comportamiento. 

Ejemplo: La llamada guerra fría afectó profundamente a América Historia de América.

2Dar la impresión de algo que no es, fingir, aparentar actitudes, sentimientos o posiciones. 

Ejemplo: Muestra una sonrisa que es más afectada que el amor que sentía mi ex por mí.

3Cuidar demasiado de las formas, de modo que la expresión o acción no parecen espontáneas, sencillas o naturales. 

Ejemplo: Su forma de hablar es algo afectada.

4Causar una impresión o impacto, especialmente de tipo emocional. 

Uso: se emplea también como pronominal

5Ser o estar dentro de lo que corresponde, atañe, interesa, concierne o incumbe a alguien o a algo. 

Ejemplo: Es deseable establecer a quiénes afecta una ley antes de promulgarla.

Etimología

Del latín affectāre, frecuentativo del latín aficio ("influir en el ánimo").

Verbo pronominal

pronunciación (AFI): [a.fekˈt̪aɾ.se]

silabación: a-fec-tar-se

1Afectar (uso pronominal de ...)

Etimología

De afectar con el pronombre reflexivo átono."
- @e17 [group]
- @e18 [group]
- @e19 [viewpager] "dev.reader.ldx:id/resourcePager"
- @e21 [webview]
+ @e3~s826619 [text] "Source: es"
+ @e4~s826619 [group]
+ @e5~s826619 [text] "Target: es"
+ @e6~s826619 [group]
+ @e7~s826619 [text] "Choose ZIP"
+ @e8~s826619 [group]

2026-10-08T22:17:55.887636 ['back', '--settle']
Back
settled after 618ms: +0 -7 (~9 unchanged)
- @e1 [scroll-area]
- @e3 [text] "Source: es"
- @e4 [group]
- @e5 [text] "Target: es"
- @e6 [group]
- @e7 [text] "Choose ZIP"
- @e8 [group]
unchanged interactive (9):
= @e1~s826624 [group]
= @e2~s826624 [webview] "El jardín de las palabras 1"
= @e3~s826624 [text] "El jardín de las palabras 1"
= @e4~s826624 [text] "Árbol, canción y corazón. Espero que estas palabras no afecten la lectura."
= @e5~s826624 [group] "link"
= @e6~s826624 [text] "Pasaje 1.01: La viajera mira el jardín. Una canción recuerda el árbol, mientras los niños caminan entre flores. Cada palabra tiene su lugar en esta historia."
= @e7~s826624 [text] "Pasaje 1.02: La viajera mira el jardín. Una canción recuerda el árbol, mientras los niños caminan entre flores. Cada palabra tiene su lugar en esta historia."
= @e8~s826624 [text] "Pasaje 1.03: La viajera mira el jardín. Una canción recuerda el árbol, mientras los niños caminan entre flores. Cada palabra tiene su lugar en esta historia."
= @e9~s826624 [text] "Pasaje 1.04: La viajera mira el jardín. Una canción recuerda el árbol, mientras los niños caminan entre flores. Cada palabra tiene su lugar en esta historia."

2026-10-08T22:17:57.077876 ['back', '--settle']
Back
settled after 855ms: +0 -0 (~9 unchanged)
unchanged interactive (9):
= @e1~s826628 [group]
= @e2~s826628 [webview] "El jardín de las palabras 1"
= @e3~s826628 [text] "El jardín de las palabras 1"
= @e4~s826628 [text] "Árbol, canción y corazón. Espero que estas palabras no afecten la lectura."
= @e5~s826628 [group] "link"
= @e6~s826628 [text] "Pasaje 1.01: La viajera mira el jardín. Una canción recuerda el árbol, mientras los niños caminan entre flores. Cada palabra tiene su lugar en esta historia."
= @e7~s826628 [text] "Pasaje 1.02: La viajera mira el jardín. Una canción recuerda el árbol, mientras los niños caminan entre flores. Cada palabra tiene su lugar en esta historia."
= @e8~s826628 [text] "Pasaje 1.03: La viajera mira el jardín. Una canción recuerda el árbol, mientras los niños caminan entre flores. Cada palabra tiene su lugar en esta historia."
= @e9~s826628 [text] "Pasaje 1.04: La viajera mira el jardín. Una canción recuerda el árbol, mientras los niños caminan entre flores. Cada palabra tiene su lugar en esta historia."

2026-10-08T22:17:59.672389 ['longpress', '300', '722', '--settle']
Long pressed (300, 722)
settled after 1061ms: +15 -0 (~9 unchanged)
+ @e1~s826633 [scroll-area]
+ @e3~s826633 [text] "Close lookup"
+ @e4~s826633 [group]
+ @e5~s826633 [text] "Passage actions"
+ @e6~s826633 [text-field] "canción"
+ @e7~s826633 [text] "Lookup text"
+ @e8~s826633 [group]
+ @e9~s826633 [text] "Wikcionario Español-Español [es → es]"
+ @e10~s826633 [group]
+ @e11~s826633 [text] "Wiktionary Spanish-English [es → en]"
+ @e12~s826633 [group]
+ @e13~s826633 [text] "GNU Collaborative International Dictionary of English [en → en]"
+ @e14~s826633 [group]
+ @e15~s826633 [text] "Wikcionario Inglés-Español [en → es]"
+ @e16~s826633 [group]

2026-10-08T22:18:04.405290 ['click', 'label="Wiktionary Spanish-English [es → en]"', '--settle']
Tapped label="Wiktionary Spanish-English [es → en]" (379, 1705)
settled after 1013ms: +0 -0 (~24 unchanged)
unchanged interactive (20):
= @e1~s826639 [scroll-area]
= @e2~s826639 [group]
= @e3~s826639 [text] "Close lookup"
= @e4~s826639 [group]
= @e5~s826639 [text] "Passage actions"
= @e6~s826639 [text-field] "canción"
= @e7~s826639 [text] "Lookup text"
= @e8~s826639 [group]
= @e9~s826639 [text] "Wikcionario Español-Español [es → es]"
= @e10~s826639 [group]
= @e11~s826639 [text] "Wiktionary Spanish-English [es → en]"
= @e12~s826639 [group]
= @e13~s826639 [text] "GNU Collaborative International Dictionary of English [en → en]"
= @e14~s826639 [group]
= @e15~s826639 [text] "Wikcionario Inglés-Español [en → es]"
= @e16~s826639 [group]
= @e17~s826639 [webview] "El jardín de las palabras 1"
= @e18~s826639 [text] "El jardín de las palabras 1"
= @e19~s826639 [text] "Árbol, canción y corazón. Espero que estas palabras no afecten la lectura."
= @e20~s826639 [group] "link"
… more interactive elements not shown, use snapshot -i

2026-10-08T22:18:06.749504 ['scroll', 'down', '450', '--settle']
Scrolled down by 450 of the viewport (1920px)
settled after 931ms: +3 -11 (~13 unchanged)
- @e3 [text] "Close lookup"
+ @e3~s826643 [text] "Source: es"
- @e5 [text] "Passage actions"
- @e6 [text-field] "canción"
- @e7 [text] "Lookup text"
+ @e5~s826643 [text] "Target: es"
- @e9 [text] "Wikcionario Español-Español [es → es]"
+ @e7~s826643 [text] "Choose ZIP"
- @e11 [text] "Wiktionary Spanish-English [es → en]"
- @e12 [group]
- @e13 [text] "GNU Collaborative International Dictionary of English [en → en]"
- @e14 [group]
- @e15 [text] "Wikcionario Inglés-Español [en → es]"
- @e16 [group]

2026-10-08T22:18:21.612750 ['scroll', 'top', '--settle']
Error (COMMAND_FAILED): scroll top moved nothing across 3 passes: the container still reports hidden content but its contents never shifted
Hint: The scroll is not reaching this container. If a field is focused, dismiss the keyboard first; if it is nested inside another scroller, target it directly with scroll <dir> --until <selector>. Some lists ignore synthesized scrolls — a raw drag moves them: swipe x1 y1 x2 y2 started inside the list.
Diagnostic ID: mv0eb5n3-daab6a47
Diagnostics Log: /home/camilo/.agent-device/remote-diagnostics/t3-2616f50f6a8a7d839226cb8a/requests/9e21e6957d7c82be.ndjson

2026-10-08T22:18:28.982811 ['fill', 'role="text-field"', 'readerldxabsentzz', '--settle']
Error (COMMAND_FAILED): Selector did not match: role="text-field"
Hint: Selector text/label values match exactly (quote multi-word values: text="Sign in"). Run snapshot -i to see current elements and refs, or use find <text> for contains matching.
Diagnostic ID: mv0ebe8y-499bcced
Diagnostics Log: /home/camilo/.agent-device/remote-diagnostics/t3-2616f50f6a8a7d839226cb8a/requests/9760fde21715f2f1.ndjson

2026-10-08T22:18:29.963150 ['back', '--settle']
Back
settled after 644ms: +0 -26 (~9 unchanged)
- @e8 [group]
- @e9 [group]
- @e10 [group]
- @e11 [group]
- @e12 [group]
- @e13 [group]
- @e14 [composeview]
- @e15 [group]
- @e16 [group]
- @e17 [scroll-area]
- @e18 [text] "Noun

IPA: /kanˈθjon/ [kãn̟ˈθjõn] (Equatorial Guinea, Spain)

IPA: /kanˈsjon/ [kãnˈsjõn] (Latin America, Philippines)

Syllabification: can‧ción

canción f (plural canciones)

song

Etymology

Semi-learned borrowing from Latin cantiōnem f (accusative singular), modified from the original Old Spanish cançón f, which was directly inherited, based on -ción. Compare Portuguese canção f, Catalan cançó f, French chanson f, Italian canzone f. Doublet of chanson m. Compare English cantor."
- @e19 [text] "Import StarDict ZIP"
- @e20 [text] "Language assignment is a prototype hypothesis. Assign the package's source and definition language."
- @e22 [text] "Source: es"
- @e23 [button]
- @e24 [group]
- @e25 [text] "Target: es"
- @e26 [button]
- @e27 [group]
- @e28 [text] "Choose ZIP"
- @e29 [button]
- @e30 [group]
- @e31 [group]
- @e32 [viewpager] "dev.reader.ldx:id/resourcePager"
- @e33 [group]
- @e34 [webview]
unchanged interactive (9):
= @e1~s826651 [group]
= @e2~s826651 [webview] "El jardín de las palabras 1"
= @e3~s826651 [text] "El jardín de las palabras 1"
= @e4~s826651 [text] "Árbol, canción y corazón. Espero que estas palabras no afecten la lectura."
= @e5~s826651 [group] "link"
= @e6~s826651 [text] "Pasaje 1.01: La viajera mira el jardín. Una canción recuerda el árbol, mientras los niños caminan entre flores. Cada palabra tiene su lugar en esta historia."
= @e7~s826651 [text] "Pasaje 1.02: La viajera mira el jardín. Una canción recuerda el árbol, mientras los niños caminan entre flores. Cada palabra tiene su lugar en esta historia."
= @e8~s826651 [text] "Pasaje 1.03: La viajera mira el jardín. Una canción recuerda el árbol, mientras los niños caminan entre flores. Cada palabra tiene su lugar en esta historia."
= @e9~s826651 [text] "Pasaje 1.04: La viajera mira el jardín. Una canción recuerda el árbol, mientras los niños caminan entre flores. Cada palabra tiene su lugar en esta historia."

2026-10-08T22:18:30.294322 ['click', 'label="Wikcionario Español-Español [es → es]"', '--settle']
Error (COMMAND_FAILED): Selector did not match: label="Wikcionario Español-Español [es → es]"
Hint: Selector text/label values match exactly (quote multi-word values: text="Sign in"). Run snapshot -i to see current elements and refs, or use find <text> for contains matching.
Diagnostic ID: mv0ebfab-c13846ce
Diagnostics Log: /home/camilo/.agent-device/remote-diagnostics/t3-2616f50f6a8a7d839226cb8a/requests/a8fadd56be17fb37.ndjson

2026-10-08T22:18:32.327295 ['scroll', 'down', '300', '--settle']
Scrolled down by 300 of the viewport (1920px)
settled after 1296ms: +0 -11 (~9 unchanged)
- @e8 [group]
- @e9 [group]
- @e10 [group]
- @e11 [group]
- @e12 [group]
- @e13 [group]
- @e14 [composeview]
- @e15 [group]
- @e16 [group]
- @e17 [viewpager] "dev.reader.ldx:id/resourcePager"
- @e19 [webview]
unchanged interactive (9):
= @e1~s826657 [group]
= @e2~s826657 [webview] "El jardín de las palabras 1"
= @e3~s826657 [text] "El jardín de las palabras 1"
= @e4~s826657 [text] "Árbol, canción y corazón. Espero que estas palabras no afecten la lectura."
= @e5~s826657 [group] "link"
= @e6~s826657 [text] "Pasaje 1.01: La viajera mira el jardín. Una canción recuerda el árbol, mientras los niños caminan entre flores. Cada palabra tiene su lugar en esta historia."
= @e7~s826657 [text] "Pasaje 1.02: La viajera mira el jardín. Una canción recuerda el árbol, mientras los niños caminan entre flores. Cada palabra tiene su lugar en esta historia."
= @e8~s826657 [text] "Pasaje 1.03: La viajera mira el jardín. Una canción recuerda el árbol, mientras los niños caminan entre flores. Cada palabra tiene su lugar en esta historia."
= @e9~s826657 [text] "Pasaje 1.04: La viajera mira el jardín. Una canción recuerda el árbol, mientras los niños caminan entre flores. Cada palabra tiene su lugar en esta historia."

2026-10-08T22:18:51.039158 ['longpress', '300', '722', '--settle']
Long pressed (300, 722)
settled after 1206ms: +15 -0 (~9 unchanged)
+ @e1~s826663 [scroll-area]
+ @e3~s826663 [text] "Close lookup"
+ @e4~s826663 [group]
+ @e5~s826663 [text] "Passage actions"
+ @e6~s826663 [text-field] "canción"
+ @e7~s826663 [text] "Lookup text"
+ @e8~s826663 [group]
+ @e9~s826663 [text] "Wikcionario Español-Español [es → es]"
+ @e10~s826663 [group]
+ @e11~s826663 [text] "Wiktionary Spanish-English [es → en]"
+ @e12~s826663 [group]
+ @e13~s826663 [text] "GNU Collaborative International Dictionary of English [en → en]"
+ @e14~s826663 [group]
+ @e15~s826663 [text] "Wikcionario Inglés-Español [en → es]"
+ @e16~s826663 [group]

2026-10-08T22:18:51.405449 ['fill', 'role="text-field"', 'readerldxabsentzz', '--settle']
Error (COMMAND_FAILED): Selector did not match: role="text-field"
Hint: Selector text/label values match exactly (quote multi-word values: text="Sign in"). Run snapshot -i to see current elements and refs, or use find <text> for contains matching.
Diagnostic ID: mv0ebvjv-1d7d9648
Diagnostics Log: /home/camilo/.agent-device/remote-diagnostics/t3-2616f50f6a8a7d839226cb8a/requests/866518c77c97939d.ndjson

2026-10-08T22:18:55.950340 ['snapshot', '-i']
Page: dev.reader.ldx
App: dev.reader.ldx
Snapshot: 11 visible nodes (24 total)
Collapsed 13 Android helper nodes from the agent-facing text snapshot; use --raw or --json for the full hierarchy.
@e1 [scroll-area] [scrollable]
  [content below scroll-area hidden]
@e2 [group] "Close lookup"
@e4 [group] "Passage actions"
@e6 [text-field] "canción" [editable]
@e7 [text] "Lookup text"
@e8 [group] "Wikcionario Español-Español [es → es]"
@e10 [group] "Wiktionary Spanish-English [es → en]"
@e12 [group] "GNU Collaborative International Dictionary of English [en → en]"
@e14 [group] "Wikcionario Inglés-Español [en → es]"
@e16 [group] "El jardín de las palabras 1, Árbol, canción y corazón. Espero que estas palabras no afecten la lectura., link, Pasaje 1.01: La viajera mira el jardín. Una canción recuerda el árbol, mientras los niños caminan entre flores. Cada palabra tiene su lugar en esta historia., Pasaje 1.02: La viajera mira el jardín. Una canción recuerda el árbol, mientras los niños caminan entre flores. Cada palabra tiene su lugar en esta historia., Pasaje 1.03: La viajera mira el jardín. Una canción recuerda el árbol, mientras los niños caminan entre flores. Cada palabra tiene su lugar en esta historia., Pasaje 1.04: La viajera mira el jardín. Una canción recuerda el árbol, mientras los niños caminan entre flores. Cada palabra tiene su lugar en esta historia."
@e17 [webview] "El jardín de las palabras 1" [focused]

2026-10-08T22:19:04.667281 ['fill', '@e6', 'readerldxabsentzz', '--settle']
Filled 17 chars
settled after 589ms: +1 -1 (~23 unchanged)
- @e6 [text-field] "canción"
+ @e6~s826670 [text-field] "canciónreaderldxabsentzz"
unchanged interactive (20):
= @e1~s826670 [scroll-area]
= @e2~s826670 [group]
= @e3~s826670 [text] "Close lookup"
= @e4~s826670 [group]
= @e5~s826670 [text] "Passage actions"
= @e7~s826670 [text] "Lookup text"
= @e8~s826670 [group]
= @e9~s826670 [text] "Wikcionario Español-Español [es → es]"
= @e10~s826670 [group]
= @e11~s826670 [text] "Wiktionary Spanish-English [es → en]"
= @e12~s826670 [group]
= @e13~s826670 [text] "GNU Collaborative International Dictionary of English [en → en]"
= @e14~s826670 [group]
= @e15~s826670 [text] "Wikcionario Inglés-Español [en → es]"
= @e16~s826670 [group]
= @e17~s826670 [webview] "El jardín de las palabras 1"
= @e18~s826670 [text] "El jardín de las palabras 1"
= @e19~s826670 [text] "Árbol, canción y corazón. Espero que estas palabras no afecten la lectura."
= @e20~s826670 [group] "link"
= @e21~s826670 [text] "Pasaje 1.01: La viajera mira el jardín. Una canción recuerda el árbol, mientras los niños caminan entre flores. Cada palabra tiene su lugar en esta historia."
… more interactive elements not shown, use snapshot -i

2026-10-08T22:19:05.662846 ['back', '--settle']
Back
settled after 643ms: +0 -15 (~9 unchanged)
- @e1 [scroll-area]
- @e3 [text] "Close lookup"
- @e4 [group]
- @e5 [text] "Passage actions"
- @e6 [text-field] "canciónreaderldxabsentzz"
- @e7 [text] "Lookup text"
- @e8 [group]
- @e9 [text] "Wikcionario Español-Español [es → es]"
- @e10 [group]
- @e11 [text] "Wiktionary Spanish-English [es → en]"
- @e12 [group]
- @e13 [text] "GNU Collaborative International Dictionary of English [en → en]"
- @e14 [group]
- @e15 [text] "Wikcionario Inglés-Español [en → es]"
- @e16 [group]
unchanged interactive (9):
= @e1~s826674 [group]
= @e2~s826674 [webview] "El jardín de las palabras 1"
= @e3~s826674 [text] "El jardín de las palabras 1"
= @e4~s826674 [text] "Árbol, canción y corazón. Espero que estas palabras no afecten la lectura."
= @e5~s826674 [group] "link"
= @e6~s826674 [text] "Pasaje 1.01: La viajera mira el jardín. Una canción recuerda el árbol, mientras los niños caminan entre flores. Cada palabra tiene su lugar en esta historia."
= @e7~s826674 [text] "Pasaje 1.02: La viajera mira el jardín. Una canción recuerda el árbol, mientras los niños caminan entre flores. Cada palabra tiene su lugar en esta historia."
= @e8~s826674 [text] "Pasaje 1.03: La viajera mira el jardín. Una canción recuerda el árbol, mientras los niños caminan entre flores. Cada palabra tiene su lugar en esta historia."
= @e9~s826674 [text] "Pasaje 1.04: La viajera mira el jardín. Una canción recuerda el árbol, mientras los niños caminan entre flores. Cada palabra tiene su lugar en esta historia."

2026-10-08T22:19:06.000459 ['click', 'label="Wikcionario Español-Español [es → es]"', '--settle']
Error (COMMAND_FAILED): Selector did not match: label="Wikcionario Español-Español [es → es]"
Hint: Selector text/label values match exactly (quote multi-word values: text="Sign in"). Run snapshot -i to see current elements and refs, or use find <text> for contains matching.
Diagnostic ID: mv0ec6u4-16a40296
Diagnostics Log: /home/camilo/.agent-device/remote-diagnostics/t3-2616f50f6a8a7d839226cb8a/requests/64b30aaadbb78591.ndjson

2026-10-08T22:19:12.879751 ['snapshot', '-i']
Page: dev.reader.ldx
App: dev.reader.ldx
Snapshot: 2 visible nodes (9 total)
Collapsed 7 Android helper nodes from the agent-facing text snapshot; use --raw or --json for the full hierarchy.
@e1 [group] "El jardín de las palabras 1, Árbol, canción y corazón. Espero que estas palabras no afecten la lectura., link, Pasaje 1.01: La viajera mira el jardín. Una canción recuerda el árbol, mientras los niños caminan entre flores. Cada palabra tiene su lugar en esta historia., Pasaje 1.02: La viajera mira el jardín. Una canción recuerda el árbol, mientras los niños caminan entre flores. Cada palabra tiene su lugar en esta historia., Pasaje 1.03: La viajera mira el jardín. Una canción recuerda el árbol, mientras los niños caminan entre flores. Cada palabra tiene su lugar en esta historia., Pasaje 1.04: La viajera mira el jardín. Una canción recuerda el árbol, mientras los niños caminan entre flores. Cada palabra tiene su lugar en esta historia."
@e2 [webview] "El jardín de las palabras 1" [focused]

2026-10-08T22:19:22.756222 ['longpress', '300', '722', '--settle']
Long pressed (300, 722)
settled after 980ms: +15 -0 (~9 unchanged)
+ @e1~s826682 [scroll-area]
+ @e3~s826682 [text] "Close lookup"
+ @e4~s826682 [group]
+ @e5~s826682 [text] "Passage actions"
+ @e6~s826682 [text-field] "canción"
+ @e7~s826682 [text] "Lookup text"
+ @e8~s826682 [group]
+ @e9~s826682 [text] "Wikcionario Español-Español [es → es]"
+ @e10~s826682 [group]
+ @e11~s826682 [text] "Wiktionary Spanish-English [es → en]"
+ @e12~s826682 [group]
+ @e13~s826682 [text] "GNU Collaborative International Dictionary of English [en → en]"
+ @e14~s826682 [group]
+ @e15~s826682 [text] "Wikcionario Inglés-Español [en → es]"
+ @e16~s826682 [group]

2026-10-08T22:19:23.049523 ['snapshot', '-i']
Page: dev.reader.ldx
App: dev.reader.ldx
Snapshot: 11 visible nodes (24 total)
Collapsed 13 Android helper nodes from the agent-facing text snapshot; use --raw or --json for the full hierarchy.
@e1 [scroll-area] [scrollable]
  [content below scroll-area hidden]
@e2 [group] "Close lookup"
@e4 [group] "Passage actions"
@e6 [text-field] "canción" [editable]
@e7 [text] "Lookup text"
@e8 [group] "Wikcionario Español-Español [es → es]"
@e10 [group] "Wiktionary Spanish-English [es → en]"
@e12 [group] "GNU Collaborative International Dictionary of English [en → en]"
@e14 [group] "Wikcionario Inglés-Español [en → es]"
@e16 [group] "El jardín de las palabras 1, Árbol, canción y corazón. Espero que estas palabras no afecten la lectura., link, Pasaje 1.01: La viajera mira el jardín. Una canción recuerda el árbol, mientras los niños caminan entre flores. Cada palabra tiene su lugar en esta historia., Pasaje 1.02: La viajera mira el jardín. Una canción recuerda el árbol, mientras los niños caminan entre flores. Cada palabra tiene su lugar en esta historia., Pasaje 1.03: La viajera mira el jardín. Una canción recuerda el árbol, mientras los niños caminan entre flores. Cada palabra tiene su lugar en esta historia., Pasaje 1.04: La viajera mira el jardín. Una canción recuerda el árbol, mientras los niños caminan entre flores. Cada palabra tiene su lugar en esta historia."
@e17 [webview] "El jardín de las palabras 1" [focused]

2026-10-08T22:19:29.953809 ['fill', '@e6', 'readerldxabsentzz', '--settle']
Filled 17 chars
settled after 585ms: +1 -1 (~23 unchanged)
- @e6 [text-field] "canción"
+ @e6~s826687 [text-field] "readerldxabsentzz"
unchanged interactive (20):
= @e1~s826687 [scroll-area]
= @e2~s826687 [group]
= @e3~s826687 [text] "Close lookup"
= @e4~s826687 [group]
= @e5~s826687 [text] "Passage actions"
= @e7~s826687 [text] "Lookup text"
= @e8~s826687 [group]
= @e9~s826687 [text] "Wikcionario Español-Español [es → es]"
= @e10~s826687 [group]
= @e11~s826687 [text] "Wiktionary Spanish-English [es → en]"
= @e12~s826687 [group]
= @e13~s826687 [text] "GNU Collaborative International Dictionary of English [en → en]"
= @e14~s826687 [group]
= @e15~s826687 [text] "Wikcionario Inglés-Español [en → es]"
= @e16~s826687 [group]
= @e17~s826687 [webview] "El jardín de las palabras 1"
= @e18~s826687 [text] "El jardín de las palabras 1"
= @e19~s826687 [text] "Árbol, canción y corazón. Espero que estas palabras no afecten la lectura."
= @e20~s826687 [group] "link"
= @e21~s826687 [text] "Pasaje 1.01: La viajera mira el jardín. Una canción recuerda el árbol, mientras los niños caminan entre flores. Cada palabra tiene su lugar en esta historia."
… more interactive elements not shown, use snapshot -i

2026-10-08T22:19:31.460022 ['click', 'label="Wikcionario Español-Español [es → es]"', '--settle']
Tapped label="Wikcionario Español-Español [es → es]" (391, 1563)
settled after 1015ms: +0 -0 (~24 unchanged)
unchanged interactive (20):
= @e1~s826691 [scroll-area]
= @e2~s826691 [group]
= @e3~s826691 [text] "Close lookup"
= @e4~s826691 [group]
= @e5~s826691 [text] "Passage actions"
= @e6~s826691 [text-field] "readerldxabsentzz"
= @e7~s826691 [text] "Lookup text"
= @e8~s826691 [group]
= @e9~s826691 [text] "Wikcionario Español-Español [es → es]"
= @e10~s826691 [group]
= @e11~s826691 [text] "Wiktionary Spanish-English [es → en]"
= @e12~s826691 [group]
= @e13~s826691 [text] "GNU Collaborative International Dictionary of English [en → en]"
= @e14~s826691 [group]
= @e15~s826691 [text] "Wikcionario Inglés-Español [en → es]"
= @e16~s826691 [group]
= @e17~s826691 [webview] "El jardín de las palabras 1"
= @e18~s826691 [text] "El jardín de las palabras 1"
= @e19~s826691 [text] "Árbol, canción y corazón. Espero que estas palabras no afecten la lectura."
= @e20~s826691 [group] "link"
… more interactive elements not shown, use snapshot -i

2026-10-08T22:19:33.933066 ['snapshot', '-i']
Page: dev.reader.ldx
App: dev.reader.ldx
Snapshot: 11 visible nodes (24 total)
Collapsed 13 Android helper nodes from the agent-facing text snapshot; use --raw or --json for the full hierarchy.
@e1 [scroll-area] [scrollable]
  [content below scroll-area hidden]
@e2 [group] "Close lookup"
@e4 [group] "Passage actions"
@e6 [text-field] "readerldxabsentzz" [focused] [editable]
@e7 [text] "Lookup text"
@e8 [group] "Wikcionario Español-Español [es → es]"
@e10 [group] "Wiktionary Spanish-English [es → en]"
@e12 [group] "GNU Collaborative International Dictionary of English [en → en]"
@e14 [group] "Wikcionario Inglés-Español [en → es]"
@e16 [group] "El jardín de las palabras 1, Árbol, canción y corazón. Espero que estas palabras no afecten la lectura., link, Pasaje 1.01: La viajera mira el jardín. Una canción recuerda el árbol, mientras los niños caminan entre flores. Cada palabra tiene su lugar en esta historia., Pasaje 1.02: La viajera mira el jardín. Una canción recuerda el árbol, mientras los niños caminan entre flores. Cada palabra tiene su lugar en esta historia., Pasaje 1.03: La viajera mira el jardín. Una canción recuerda el árbol, mientras los niños caminan entre flores. Cada palabra tiene su lugar en esta historia., Pasaje 1.04: La viajera mira el jardín. Una canción recuerda el árbol, mientras los niños caminan entre flores. Cada palabra tiene su lugar en esta historia."
@e17 [webview] "El jardín de las palabras 1" [focused]

2026-10-08T22:19:43.080962 ['fill', '@e6', 'this phrase has no dictionary entry', '--settle']
Filled 35 chars
settled after 585ms: +1 -1 (~23 unchanged)
- @e6 [text-field] "readerldxabsentzz"
+ @e6~s826697 [text-field] "this phrase has no dictionary entry"
unchanged interactive (20):
= @e1~s826697 [scroll-area]
= @e2~s826697 [group]
= @e3~s826697 [text] "Close lookup"
= @e4~s826697 [group]
= @e5~s826697 [text] "Passage actions"
= @e7~s826697 [text] "Lookup text"
= @e8~s826697 [group]
= @e9~s826697 [text] "Wikcionario Español-Español [es → es]"
= @e10~s826697 [group]
= @e11~s826697 [text] "Wiktionary Spanish-English [es → en]"
= @e12~s826697 [group]
= @e13~s826697 [text] "GNU Collaborative International Dictionary of English [en → en]"
= @e14~s826697 [group]
= @e15~s826697 [text] "Wikcionario Inglés-Español [en → es]"
= @e16~s826697 [group]
= @e17~s826697 [webview] "El jardín de las palabras 1"
= @e18~s826697 [text] "El jardín de las palabras 1"
= @e19~s826697 [text] "Árbol, canción y corazón. Espero que estas palabras no afecten la lectura."
= @e20~s826697 [group] "link"
= @e21~s826697 [text] "Pasaje 1.01: La viajera mira el jardín. Una canción recuerda el árbol, mientras los niños caminan entre flores. Cada palabra tiene su lugar en esta historia."
… more interactive elements not shown, use snapshot -i

2026-10-08T22:19:44.676291 ['click', 'label="Wikcionario Español-Español [es → es]"', '--settle']
Tapped label="Wikcionario Español-Español [es → es]" (391, 1563)
settled after 1128ms: +0 -0 (~24 unchanged)
unchanged interactive (20):
= @e1~s826701 [scroll-area]
= @e2~s826701 [group]
= @e3~s826701 [text] "Close lookup"
= @e4~s826701 [group]
= @e5~s826701 [text] "Passage actions"
= @e6~s826701 [text-field] "this phrase has no dictionary entry"
= @e7~s826701 [text] "Lookup text"
= @e8~s826701 [group]
= @e9~s826701 [text] "Wikcionario Español-Español [es → es]"
= @e10~s826701 [group]
= @e11~s826701 [text] "Wiktionary Spanish-English [es → en]"
= @e12~s826701 [group]
= @e13~s826701 [text] "GNU Collaborative International Dictionary of English [en → en]"
= @e14~s826701 [group]
= @e15~s826701 [text] "Wikcionario Inglés-Español [en → es]"
= @e16~s826701 [group]
= @e17~s826701 [webview] "El jardín de las palabras 1"
= @e18~s826701 [text] "El jardín de las palabras 1"
= @e19~s826701 [text] "Árbol, canción y corazón. Espero que estas palabras no afecten la lectura."
= @e20~s826701 [group] "link"
… more interactive elements not shown, use snapshot -i

2026-10-08T22:19:47.793997 ['back', '--settle']
Back
settled after 610ms: +0 -15 (~9 unchanged)
- @e1 [scroll-area]
- @e3 [text] "Close lookup"
- @e4 [group]
- @e5 [text] "Passage actions"
- @e6 [text-field] "this phrase has no dictionary entry"
- @e7 [text] "Lookup text"
- @e8 [group]
- @e9 [text] "Wikcionario Español-Español [es → es]"
- @e10 [group]
- @e11 [text] "Wiktionary Spanish-English [es → en]"
- @e12 [group]
- @e13 [text] "GNU Collaborative International Dictionary of English [en → en]"
- @e14 [group]
- @e15 [text] "Wikcionario Inglés-Español [en → es]"
- @e16 [group]
unchanged interactive (9):
= @e1~s826706 [group]
= @e2~s826706 [webview] "El jardín de las palabras 1"
= @e3~s826706 [text] "El jardín de las palabras 1"
= @e4~s826706 [text] "Árbol, canción y corazón. Espero que estas palabras no afecten la lectura."
= @e5~s826706 [group] "link"
= @e6~s826706 [text] "Pasaje 1.01: La viajera mira el jardín. Una canción recuerda el árbol, mientras los niños caminan entre flores. Cada palabra tiene su lugar en esta historia."
= @e7~s826706 [text] "Pasaje 1.02: La viajera mira el jardín. Una canción recuerda el árbol, mientras los niños caminan entre flores. Cada palabra tiene su lugar en esta historia."
= @e8~s826706 [text] "Pasaje 1.03: La viajera mira el jardín. Una canción recuerda el árbol, mientras los niños caminan entre flores. Cada palabra tiene su lugar en esta historia."
= @e9~s826706 [text] "Pasaje 1.04: La viajera mira el jardín. Una canción recuerda el árbol, mientras los niños caminan entre flores. Cada palabra tiene su lugar en esta historia."

2026-10-08T22:19:48.879417 ['back', '--settle']
Back
settled after 759ms: +22 -0 (~9 unchanged)
+ @e2~s826710 [text] "Import EPUB"
+ @e3~s826710 [group]
+ @e4~s826710 [text] "Import Spanish fixture"
+ @e5~s826710 [group]
+ @e6~s826710 [text] "Import English fixture"
+ @e7~s826710 [group]
+ @e8~s826710 [text] "Short footnote fixture"
+ @e9~s826710 [group]
+ @e10~s826710 [text] "Long footnote fixture"
+ @e11~s826710 [group]
+ @e12~s826710 [text] "Generic nested note fixture"
+ @e13~s826710 [group]
+ @e14~s826710 [text] "Dictionaries"
+ @e15~s826710 [group]
+ @e16~s826710 [text] "El jardín de las palabras [es]"
+ @e17~s826710 [group]
+ @e18~s826710 [text] "Marked long footnote fixture [en]"
+ @e19~s826710 [group]
+ @e20~s826710 [text] "Marked short footnote fixture [es]"
+ @e21~s826710 [group]
+ @e22~s826710 [text] "The garden of words [en]"
+ @e23~s826710 [group]

2026-10-08T22:20:09.877251 ['click', 'label="El jardín de las palabras [es]"', '--settle']
Tapped label="El jardín de las palabras [es]" (312, 1471)
settled after 1952ms: +0 -29 (~2 unchanged)
- @e2 [text] "Import EPUB"
- @e3 [group]
- @e4 [text] "Import Spanish fixture"
- @e5 [group]
- @e6 [text] "Import English fixture"
- @e7 [group]
- @e8 [text] "Short footnote fixture"
- @e9 [group]
- @e10 [text] "Long footnote fixture"
- @e11 [group]
- @e12 [text] "Generic nested note fixture"
- @e13 [group]
- @e14 [text] "Dictionaries"
- @e15 [group]
- @e16 [text] "El jardín de las palabras [es]"
- @e17 [group]
- @e18 [text] "Marked long footnote fixture [en]"
- @e19 [group]
- @e20 [text] "Marked short footnote fixture [es]"
- @e21 [group]
- @e22 [text] "The garden of words [en]"
- @e23 [group]
- @e25 [text] "El jardín de las palabras 1"
- @e26 [text] "Árbol, canción y corazón. Espero que estas palabras no afecten la lectura."
- @e27 [group] "link"
- @e28 [text] "Pasaje 1.01: La viajera mira el jardín. Una canción recuerda el árbol, mientras los niños caminan entre flores. Cada palabra tiene su lugar en esta historia."
- @e29 [text] "Pasaje 1.02: La viajera mira el jardín. Una canción recuerda el árbol, mientras los niños caminan entre flores. Cada palabra tiene su lugar en esta historia."
- @e30 [text] "Pasaje 1.03: La viajera mira el jardín. Una canción recuerda el árbol, mientras los niños caminan entre flores. Cada palabra tiene su lugar en esta historia."
- @e31 [text] "Pasaje 1.04: La viajera mira el jardín. Una canción recuerda el árbol, mientras los niños caminan entre flores. Cada palabra tiene su lugar en esta historia."
unchanged interactive (2):
= @e1~s826718 [group]
= @e2~s826718 [webview] "El jardín de las palabras 1"
hint: Settled on a nearly-empty tree — the app may still be loading. Wait for specific content (wait text ...) before interacting.

2026-10-08T22:20:14.610817 ['longpress', '225', '720', '--settle']
Long pressed (225, 720)
settled after 1030ms: +15 -0 (~2 unchanged)
+ @e1~s826724 [scroll-area]
+ @e3~s826724 [text] "Close lookup"
+ @e4~s826724 [group]
+ @e5~s826724 [text] "Passage actions"
+ @e6~s826724 [text-field] "canción"
+ @e7~s826724 [text] "Lookup text"
+ @e8~s826724 [group]
+ @e9~s826724 [text] "Wikcionario Español-Español [es → es]"
+ @e10~s826724 [group]
+ @e11~s826724 [text] "Wiktionary Spanish-English [es → en]"
+ @e12~s826724 [group]
+ @e13~s826724 [text] "GNU Collaborative International Dictionary of English [en → en]"
+ @e14~s826724 [group]
+ @e15~s826724 [text] "Wikcionario Inglés-Español [en → es]"
+ @e16~s826724 [group]

2026-10-08T22:20:15.679406 ['click', 'label="Passage actions"', '--settle']
Tapped label="Passage actions" (485, 1100)
settled after 665ms: +5 -10 (~7 unchanged)
- @e1 [scroll-area]
- @e3 [text] "Close lookup"
+ @e2~s826729 [text] "Dictionary lookup"
- @e5 [text] "Passage actions"
- @e6 [text-field] "canción"
- @e7 [text] "Lookup text"
+ @e4~s826729 [text] "Highlight"
- @e9 [text] "Wikcionario Español-Español [es → es]"
+ @e6~s826729 [text] "Annotation note"
- @e11 [text] "Wiktionary Spanish-English [es → en]"
+ @e8~s826729 [text] "Back to handles"
- @e13 [text] "GNU Collaborative International Dictionary of English [en → en]"
+ @e10~s826729 [text] "Dismiss selection"
- @e15 [text] "Wikcionario Inglés-Español [en → es]"
- @e16 [group]

2026-10-08T22:20:15.956952 ['snapshot', '-i']
Page: dev.reader.ldx
App: dev.reader.ldx
Snapshot: 7 visible nodes (12 total)
Collapsed 5 Android helper nodes from the agent-facing text snapshot; use --raw or --json for the full hierarchy.
@e1 [group] "Dictionary lookup"
@e3 [group] "Highlight"
@e5 [group] "Annotation note"
@e7 [group] "Back to handles"
@e9 [group] "Dismiss selection"
@e12 [webview] "El jardín de las palabras 1" [focused]

2026-10-08T22:20:22.952442 ['click', '@e3', '--settle']
Tapped @e3 (149, 1855)
settled after 1483ms: +9 -6 (~6 unchanged)
+ @e1~s826735 [scroll-area]
- @e2 [text] "Dictionary lookup"
+ @e3~s826735 [text] "✓ Yellow"
- @e4 [text] "Highlight"
+ @e5~s826735 [text] "Aqua"
+ @e7~s826735 [text] "Pink"
+ @e8~s826735 [group]
+ @e9~s826735 [text] "Green"
+ @e10~s826735 [text-field]
- @e8 [text] "Back to handles"
+ @e13~s826735 [text] "Cancel"
- @e10 [text] "Dismiss selection"
- @e11 [group]
- @e12 [webview] "El jardín de las palabras 1"
+ @e15~s826735 [text] "Save"

2026-10-08T22:20:23.265682 ['snapshot', '-i']
Page: dev.reader.ldx
App: dev.reader.ldx
Snapshot: 9 visible nodes (15 total)
Collapsed 6 Android helper nodes from the agent-facing text snapshot; use --raw or --json for the full hierarchy.
@e1 [scroll-area] [scrollable]
@e2 [group] "✓ Yellow"
@e4 [group] "Aqua"
@e6 [group] "Pink"
@e8 [group] "Green"
@e10 [text-field] [editable]
@e11 [text] "Annotation note"
@e12 [group] "Cancel"
@e14 [group] "Save"

2026-10-08T22:20:32.410471 ['fill', '@e10', 'combined-note-v1 canción', '--settle']
Filled 24 chars
settled after 555ms: +1 -1 (~14 unchanged)
- @e10 [text-field]
+ @e10~s826740 [text-field] "combined-note-v1 canción"
unchanged interactive (14):
= @e1~s826740 [scroll-area]
= @e2~s826740 [group]
= @e3~s826740 [text] "✓ Yellow"
= @e4~s826740 [group]
= @e5~s826740 [text] "Aqua"
= @e6~s826740 [group]
= @e7~s826740 [text] "Pink"
= @e8~s826740 [group]
= @e9~s826740 [text] "Green"
= @e11~s826740 [text] "Annotation note"
= @e12~s826740 [group]
= @e13~s826740 [text] "Cancel"
= @e14~s826740 [group]
= @e15~s826740 [text] "Save"

2026-10-08T22:20:34.512079 ['click', 'label="Save"', '--settle']
Tapped label="Save" (821, 1620)
settled after 1715ms: +12 -14 (~1 unchanged)
- @e1 [scroll-area]
- @e3 [text] "✓ Yellow"
- @e4 [group]
- @e5 [text] "Aqua"
- @e6 [group]
- @e7 [text] "Pink"
- @e8 [group]
- @e9 [text] "Green"
- @e10 [text-field] "combined-note-v1 canción"
- @e11 [text] "Annotation note"
- @e12 [group]
- @e13 [text] "Cancel"
- @e14 [group]
- @e15 [text] "Save"
+ @e2~s826746 [webview] "El jardín de las palabras 1"
+ @e3~s826746 [text] "El jardín de las palabras 1"
+ @e4~s826746 [text] "Árbol, canción y corazón. Espero que estas palabras no afecten la lectura."
+ @e5~s826746 [group] "link"
+ @e6~s826746 [text] "Ir al segundo capítulo"
+ @e7~s826746 [group] "[2]"
+ @e8~s826746 [text] "[2]"
+ @e9~s826746 [text] "."
+ @e10~s826746 [text] "Pasaje 1.01: La viajera mira el jardín. Una canción recuerda el árbol, mientras los niños caminan entre flores. Cada palabra tiene su lugar en esta historia."
+ @e11~s826746 [text] "Pasaje 1.02: La viajera mira el jardín. Una canción recuerda el árbol, mientras los niños caminan entre flores. Cada palabra tiene su lugar en esta historia."
+ @e12~s826746 [text] "Pasaje 1.03: La viajera mira el jardín. Una canción recuerda el árbol, mientras los niños caminan entre flores. Cada palabra tiene su lugar en esta historia."
+ @e13~s826746 [text] "Pasaje 1.04: La viajera mira el jardín. Una canción recuerda el árbol, mientras los niños caminan entre flores. Cada palabra tiene su lugar en esta historia."

2026-10-08T22:20:39.110959 ['longpress', '225', '720', '--settle']
Long pressed (225, 720)
settled after 1135ms: +15 -0 (~13 unchanged)
+ @e1~s826752 [scroll-area]
+ @e3~s826752 [text] "Close lookup"
+ @e4~s826752 [group]
+ @e5~s826752 [text] "Passage actions"
+ @e6~s826752 [text-field] "canción"
+ @e7~s826752 [text] "Lookup text"
+ @e8~s826752 [group]
+ @e9~s826752 [text] "Wikcionario Español-Español [es → es]"
+ @e10~s826752 [group]
+ @e11~s826752 [text] "Wiktionary Spanish-English [es → en]"
+ @e12~s826752 [group]
+ @e13~s826752 [text] "GNU Collaborative International Dictionary of English [en → en]"
+ @e14~s826752 [group]
+ @e15~s826752 [text] "Wikcionario Inglés-Español [en → es]"
+ @e16~s826752 [group]

2026-10-08T22:20:42.135468 ['back', '--settle']
Back
settled after 602ms: +0 -15 (~13 unchanged)
- @e1 [scroll-area]
- @e3 [text] "Close lookup"
- @e4 [group]
- @e5 [text] "Passage actions"
- @e6 [text-field] "canción"
- @e7 [text] "Lookup text"
- @e8 [group]
- @e9 [text] "Wikcionario Español-Español [es → es]"
- @e10 [group]
- @e11 [text] "Wiktionary Spanish-English [es → en]"
- @e12 [group]
- @e13 [text] "GNU Collaborative International Dictionary of English [en → en]"
- @e14 [group]
- @e15 [text] "Wikcionario Inglés-Español [en → es]"
- @e16 [group]
unchanged interactive (13):
= @e1~s826757 [group]
= @e2~s826757 [webview] "El jardín de las palabras 1"
= @e3~s826757 [text] "El jardín de las palabras 1"
= @e4~s826757 [text] "Árbol, canción y corazón. Espero que estas palabras no afecten la lectura."
= @e5~s826757 [group] "link"
= @e6~s826757 [text] "Ir al segundo capítulo"
= @e7~s826757 [group] "[2]"
= @e8~s826757 [text] "[2]"
= @e9~s826757 [text] "."
= @e10~s826757 [text] "Pasaje 1.01: La viajera mira el jardín. Una canción recuerda el árbol, mientras los niños caminan entre flores. Cada palabra tiene su lugar en esta historia."
= @e11~s826757 [text] "Pasaje 1.02: La viajera mira el jardín. Una canción recuerda el árbol, mientras los niños caminan entre flores. Cada palabra tiene su lugar en esta historia."
= @e12~s826757 [text] "Pasaje 1.03: La viajera mira el jardín. Una canción recuerda el árbol, mientras los niños caminan entre flores. Cada palabra tiene su lugar en esta historia."
= @e13~s826757 [text] "Pasaje 1.04: La viajera mira el jardín. Una canción recuerda el árbol, mientras los niños caminan entre flores. Cada palabra tiene su lugar en esta historia."

2026-10-08T22:20:43.340223 ['back', '--settle']
Back
settled after 871ms: +0 -0 (~13 unchanged)
unchanged interactive (13):
= @e1~s826761 [group]
= @e2~s826761 [webview] "El jardín de las palabras 1"
= @e3~s826761 [text] "El jardín de las palabras 1"
= @e4~s826761 [text] "Árbol, canción y corazón. Espero que estas palabras no afecten la lectura."
= @e5~s826761 [group] "link"
= @e6~s826761 [text] "Ir al segundo capítulo"
= @e7~s826761 [group] "[2]"
= @e8~s826761 [text] "[2]"
= @e9~s826761 [text] "."
= @e10~s826761 [text] "Pasaje 1.01: La viajera mira el jardín. Una canción recuerda el árbol, mientras los niños caminan entre flores. Cada palabra tiene su lugar en esta historia."
= @e11~s826761 [text] "Pasaje 1.02: La viajera mira el jardín. Una canción recuerda el árbol, mientras los niños caminan entre flores. Cada palabra tiene su lugar en esta historia."
= @e12~s826761 [text] "Pasaje 1.03: La viajera mira el jardín. Una canción recuerda el árbol, mientras los niños caminan entre flores. Cada palabra tiene su lugar en esta historia."
= @e13~s826761 [text] "Pasaje 1.04: La viajera mira el jardín. Una canción recuerda el árbol, mientras los niños caminan entre flores. Cada palabra tiene su lugar en esta historia."

2026-10-08T22:20:44.513010 ['click', '540', '1100', '--settle']
Tapped (540, 1100)
settled after 781ms: +29 -0 (~13 unchanged)
+ @e2~s826766 [text] "Previous"
+ @e3~s826766 [group]
+ @e4~s826766 [text] "Next"
+ @e5~s826766 [group]
+ @e6~s826766 [text] "Fixtures"
+ @e7~s826766 [group]
+ @e8~s826766 [text] "Dictionary"
+ @e9~s826766 [group]
+ @e10~s826766 [text] "Close"
+ @e11~s826766 [group]
+ @e12~s826766 [text] "Smaller"
+ @e13~s826766 [group]
+ @e14~s826766 [text] "Larger"
+ @e15~s826766 [group]
+ @e16~s826766 [text] "Margins"
+ @e17~s826766 [group]
+ @e18~s826766 [text] "Annotations"
+ @e19~s826766 [group]
+ @e20~s826766 [text] "Add bookmark"
+ @e21~s826766 [seekbar] "Reading position preview slider"
+ @e22~s826766 [group]
+ @e23~s826766 [text] "Return to 50%"
+ @e24~s826766 [group]
+ @e25~s826766 [text] "Chapter"
+ @e26~s826766 [group]
+ @e27~s826766 [text] "Search result"
+ @e28~s826766 [group]
+ @e29~s826766 [text] "Bookmark style"
+ @e30~s826766 [group]

2026-10-08T22:20:46.612419 ['click', 'label="Annotations"', '--settle']
Tapped label="Annotations" (164, 1676)
settled after 1682ms: +5 -38 (~4 unchanged)
+ @e1~s826771 [scroll-area]
- @e2 [text] "Previous"
+ @e3~s826771 [text] "Open passage"
- @e4 [text] "Next"
+ @e5~s826771 [text] "Edit"
- @e6 [text] "Fixtures"
+ @e7~s826771 [text] "Remove"
- @e8 [text] "Dictionary"
- @e9 [group]
- @e10 [text] "Close"
- @e11 [group]
- @e12 [text] "Smaller"
- @e13 [group]
- @e14 [text] "Larger"
- @e15 [group]
- @e16 [text] "Margins"
- @e17 [group]
- @e18 [text] "Annotations"
- @e19 [group]
- @e20 [text] "Add bookmark"
- @e21 [seekbar] "Reading position preview slider"
- @e22 [group]
- @e23 [text] "Return to 50%"
- @e24 [group]
- @e25 [text] "Chapter"
- @e26 [group]
- @e27 [text] "Search result"
- @e28 [group]
- @e29 [text] "Bookmark style"
- @e30 [group]
- @e31 [webview] "El jardín de las palabras 1"
- @e32 [text] "El jardín de las palabras 1"
- @e33 [text] "Árbol, canción y corazón. Espero que estas palabras no afecten la lectura."
- @e34 [group] "link"
- @e35 [text] "Ir al segundo capítulo"
- @e36 [group] "[2]"
- @e37 [text] "[2]"
- @e38 [text] "."
- @e39 [text] "Pasaje 1.01: La viajera mira el jardín. Una canción recuerda el árbol, mientras los niños caminan entre flores. Cada palabra tiene su lugar en esta historia."
- @e40 [text] "Pasaje 1.02: La viajera mira el jardín. Una canción recuerda el árbol, mientras los niños caminan entre flores. Cada palabra tiene su lugar en esta historia."
- @e41 [text] "Pasaje 1.03: La viajera mira el jardín. Una canción recuerda el árbol, mientras los niños caminan entre flores. Cada palabra tiene su lugar en esta historia."
- @e42 [text] "Pasaje 1.04: La viajera mira el jardín. Una canción recuerda el árbol, mientras los niños caminan entre flores. Cada palabra tiene su lugar en esta historia."
+ @e9~s826771 [text] "Close list"

2026-10-08T22:20:46.868648 ['snapshot', '-i']
Page: dev.reader.ldx
App: dev.reader.ldx
Snapshot: 5 visible nodes (9 total)
Collapsed 4 Android helper nodes from the agent-facing text snapshot; use --raw or --json for the full hierarchy.
@e1 [scroll-area] [scrollable]
@e2 [group] "Open passage"
@e4 [group] "Edit"
@e6 [group] "Remove"
@e8 [group] "Close list"

2026-10-08T22:20:52.160760 ['click', '@e4', '--settle']
Tapped @e4 (555, 1332)
settled after 1648ms: +11 -3 (~6 unchanged)
- @e3 [text] "Open passage"
+ @e3~s826776 [text] "✓ Yellow"
- @e5 [text] "Edit"
+ @e5~s826776 [text] "Aqua"
+ @e7~s826776 [text] "Pink"
+ @e8~s826776 [group]
+ @e9~s826776 [text] "Green"
+ @e10~s826776 [text-field] "combined-note-v1 canción"
+ @e11~s826776 [text] "Annotation note"
+ @e12~s826776 [group]
- @e9 [text] "Close list"
+ @e15~s826776 [text] "Cancel"
+ @e16~s826776 [group]
+ @e17~s826776 [text] "Save"

2026-10-08T22:20:52.429500 ['snapshot', '-i']
Page: dev.reader.ldx
App: dev.reader.ldx
Snapshot: 10 visible nodes (17 total)
Collapsed 7 Android helper nodes from the agent-facing text snapshot; use --raw or --json for the full hierarchy.
@e1 [scroll-area] [scrollable]
@e2 [group] "✓ Yellow"
@e4 [group] "Aqua"
@e6 [group] "Pink"
@e8 [group] "Green"
@e10 [text-field] "combined-note-v1 canción" [editable]
@e11 [text] "Annotation note"
@e12 [group] "Remove"
@e14 [group] "Cancel"
@e16 [group] "Save"

2026-10-08T22:21:00.188908 ['fill', '@e10', 'combined-note-v2 edited durable', '--settle']
Filled 31 chars
settled after 551ms: +1 -1 (~16 unchanged)
- @e10 [text-field] "combined-note-v1 canción"
+ @e10~s826781 [text-field] "combined-note-v2 edited durable"
unchanged interactive (16):
= @e1~s826781 [scroll-area]
= @e2~s826781 [group]
= @e3~s826781 [text] "✓ Yellow"
= @e4~s826781 [group]
= @e5~s826781 [text] "Aqua"
= @e6~s826781 [group]
= @e7~s826781 [text] "Pink"
= @e8~s826781 [group]
= @e9~s826781 [text] "Green"
= @e11~s826781 [text] "Annotation note"
= @e12~s826781 [group]
= @e13~s826781 [text] "Remove"
= @e14~s826781 [group]
= @e15~s826781 [text] "Cancel"
= @e16~s826781 [group]
= @e17~s826781 [text] "Save"

2026-10-08T22:21:01.778370 ['click', 'label="Aqua"', '--settle']
Tapped label="Aqua" (470, 1083)
settled after 1139ms: +2 -2 (~15 unchanged)
- @e3 [text] "✓ Yellow"
+ @e3~s826786 [text] "Yellow"
- @e5 [text] "Aqua"
+ @e5~s826786 [text] "✓ Aqua"

2026-10-08T22:21:03.747054 ['click', 'label="Save"', '--settle']
Tapped label="Save" (821, 1620)
settled after 1547ms: +3 -11 (~6 unchanged)
- @e3 [text] "Yellow"
+ @e3~s826792 [text] "Open passage"
- @e5 [text] "✓ Aqua"
+ @e5~s826792 [text] "Edit"
- @e7 [text] "Pink"
- @e8 [group]
- @e9 [text] "Green"
- @e10 [text-field] "combined-note-v2 edited durable"
- @e11 [text] "Annotation note"
- @e12 [group]
- @e15 [text] "Cancel"
- @e16 [group]
- @e17 [text] "Save"
+ @e9~s826792 [text] "Close list"

2026-10-08T22:21:09.608363 ['open', 'dev.reader.ldx']
Opened: dev.reader.ldx
Session state: /home/camilo/.t3/userdata/device/agent-device/sessions/t3-2616f50f6a8a7d839226cb8a

2026-10-08T22:21:24.352904 ['click', '540', '1100', '--settle']
Tapped (540, 1100)
settled after 1038ms: +29 -0 (~13 unchanged)
+ @e2~s826799 [text] "Previous"
+ @e3~s826799 [group]
+ @e4~s826799 [text] "Next"
+ @e5~s826799 [group]
+ @e6~s826799 [text] "Fixtures"
+ @e7~s826799 [group]
+ @e8~s826799 [text] "Dictionary"
+ @e9~s826799 [group]
+ @e10~s826799 [text] "Close"
+ @e11~s826799 [group]
+ @e12~s826799 [text] "Smaller"
+ @e13~s826799 [group]
+ @e14~s826799 [text] "Larger"
+ @e15~s826799 [group]
+ @e16~s826799 [text] "Margins"
+ @e17~s826799 [group]
+ @e18~s826799 [text] "Annotations"
+ @e19~s826799 [group]
+ @e20~s826799 [text] "Add bookmark"
+ @e21~s826799 [seekbar] "Reading position preview slider"
+ @e22~s826799 [group]
+ @e23~s826799 [text] "Return to 50%"
+ @e24~s826799 [group]
+ @e25~s826799 [text] "Chapter"
+ @e26~s826799 [group]
+ @e27~s826799 [text] "Search result"
+ @e28~s826799 [group]
+ @e29~s826799 [text] "Bookmark style"
+ @e30~s826799 [group]

2026-10-08T22:21:26.727544 ['click', 'label="Annotations"', '--settle']
Tapped label="Annotations" (164, 1718)
settled after 1937ms: +5 -38 (~4 unchanged)
+ @e1~s826804 [scroll-area]
- @e2 [text] "Previous"
+ @e3~s826804 [text] "Open passage"
- @e4 [text] "Next"
+ @e5~s826804 [text] "Edit"
- @e6 [text] "Fixtures"
+ @e7~s826804 [text] "Remove"
- @e8 [text] "Dictionary"
- @e9 [group]
- @e10 [text] "Close"
- @e11 [group]
- @e12 [text] "Smaller"
- @e13 [group]
- @e14 [text] "Larger"
- @e15 [group]
- @e16 [text] "Margins"
- @e17 [group]
- @e18 [text] "Annotations"
- @e19 [group]
- @e20 [text] "Add bookmark"
- @e21 [seekbar] "Reading position preview slider"
- @e22 [group]
- @e23 [text] "Return to 50%"
- @e24 [group]
- @e25 [text] "Chapter"
- @e26 [group]
- @e27 [text] "Search result"
- @e28 [group]
- @e29 [text] "Bookmark style"
- @e30 [group]
- @e31 [webview] "El jardín de las palabras 1"
- @e32 [text] "El jardín de las palabras 1"
- @e33 [text] "Árbol, canción y corazón. Espero que estas palabras no afecten la lectura."
- @e34 [group] "link"
- @e35 [text] "Ir al segundo capítulo"
- @e36 [group] "[2]"
- @e37 [text] "[2]"
- @e38 [text] "."
- @e39 [text] "Pasaje 1.01: La viajera mira el jardín. Una canción recuerda el árbol, mientras los niños caminan entre flores. Cada palabra tiene su lugar en esta historia."
- @e40 [text] "Pasaje 1.02: La viajera mira el jardín. Una canción recuerda el árbol, mientras los niños caminan entre flores. Cada palabra tiene su lugar en esta historia."
- @e41 [text] "Pasaje 1.03: La viajera mira el jardín. Una canción recuerda el árbol, mientras los niños caminan entre flores. Cada palabra tiene su lugar en esta historia."
- @e42 [text] "Pasaje 1.04: La viajera mira el jardín. Una canción recuerda el árbol, mientras los niños caminan entre flores. Cada palabra tiene su lugar en esta historia."
+ @e9~s826804 [text] "Close list"

2026-10-08T22:21:30.456906 ['click', 'label="Open passage"', '--settle']
Tapped label="Open passage" (331, 1332)
settled after 1205ms: +38 -5 (~4 unchanged)
- @e1 [scroll-area]
- @e3 [text] "Open passage"
+ @e2~s826810 [text] "Previous"
- @e5 [text] "Edit"
+ @e4~s826810 [text] "Next"
- @e7 [text] "Remove"
+ @e6~s826810 [text] "Fixtures"
- @e9 [text] "Close list"
+ @e8~s826810 [text] "Dictionary"
+ @e9~s826810 [group]
+ @e10~s826810 [text] "Close"
+ @e11~s826810 [group]
+ @e12~s826810 [text] "Smaller"
+ @e13~s826810 [group]
+ @e14~s826810 [text] "Larger"
+ @e15~s826810 [group]
+ @e16~s826810 [text] "Margins"
+ @e17~s826810 [group]
+ @e18~s826810 [text] "Annotations"
+ @e19~s826810 [group]
+ @e20~s826810 [text] "Add bookmark"
+ @e21~s826810 [seekbar] "Reading position preview slider"
+ @e22~s826810 [group]
+ @e23~s826810 [text] "Return to 50%"
+ @e24~s826810 [group]
+ @e25~s826810 [text] "Chapter"
+ @e26~s826810 [group]
+ @e27~s826810 [text] "Search result"
+ @e28~s826810 [group]
+ @e29~s826810 [text] "Bookmark style"
+ @e30~s826810 [group]
+ @e31~s826810 [webview] "El jardín de las palabras 1"
+ @e32~s826810 [text] "El jardín de las palabras 1"
+ @e33~s826810 [text] "Árbol, canción y corazón. Espero que estas palabras no afecten la lectura."
+ @e34~s826810 [group] "link"
+ @e35~s826810 [text] "Ir al segundo capítulo"
+ @e36~s826810 [group] "[2]"
+ @e37~s826810 [text] "[2]"
+ @e38~s826810 [text] "."
+ @e39~s826810 [text] "Pasaje 1.01: La viajera mira el jardín. Una canción recuerda el árbol, mientras los niños caminan entre flores. Cada palabra tiene su lugar en esta historia."
+ @e40~s826810 [text] "Pasaje 1.02: La viajera mira el jardín. Una canción recuerda el árbol, mientras los niños caminan entre flores. Cada palabra tiene su lugar en esta historia."
+ @e41~s826810 [text] "Pasaje 1.03: La viajera mira el jardín. Una canción recuerda el árbol, mientras los niños caminan entre flores. Cada palabra tiene su lugar en esta historia."
+ @e42~s826810 [text] "Pasaje 1.04: La viajera mira el jardín. Una canción recuerda el árbol, mientras los niños caminan entre flores. Cada palabra tiene su lugar en esta historia."

2026-10-08T22:21:35.048127 ['click', 'label="Larger"', '--settle']
Tapped label="Larger" (478, 1592)
settled after 1966ms: +0 -6 (~36 unchanged)
- @e35 [text] "Ir al segundo capítulo"
- @e36 [group] "[2]"
- @e37 [text] "[2]"
- @e38 [text] "."
- @e41 [text] "Pasaje 1.03: La viajera mira el jardín. Una canción recuerda el árbol, mientras los niños caminan entre flores. Cada palabra tiene su lugar en esta historia."
- @e42 [text] "Pasaje 1.04: La viajera mira el jardín. Una canción recuerda el árbol, mientras los niños caminan entre flores. Cada palabra tiene su lugar en esta historia."
unchanged interactive (20):
= @e1~s826817 [group]
= @e2~s826817 [text] "Previous"
= @e3~s826817 [group]
= @e4~s826817 [text] "Next"
= @e5~s826817 [group]
= @e6~s826817 [text] "Fixtures"
= @e7~s826817 [group]
= @e8~s826817 [text] "Dictionary"
= @e9~s826817 [group]
= @e10~s826817 [text] "Close"
= @e11~s826817 [group]
= @e12~s826817 [text] "Smaller"
= @e13~s826817 [group]
= @e14~s826817 [text] "Larger"
= @e15~s826817 [group]
= @e16~s826817 [text] "Margins"
= @e17~s826817 [group]
= @e18~s826817 [text] "Annotations"
= @e19~s826817 [group]
= @e20~s826817 [text] "Add bookmark"
… more interactive elements not shown, use snapshot -i

2026-10-08T22:21:37.326946 ['click', 'label="Margins"', '--settle']
Tapped label="Margins" (661, 1592)
settled after 1854ms: +0 -0 (~36 unchanged)
unchanged interactive (20):
= @e1~s826823 [group]
= @e2~s826823 [text] "Previous"
= @e3~s826823 [group]
= @e4~s826823 [text] "Next"
= @e5~s826823 [group]
= @e6~s826823 [text] "Fixtures"
= @e7~s826823 [group]
= @e8~s826823 [text] "Dictionary"
= @e9~s826823 [group]
= @e10~s826823 [text] "Close"
= @e11~s826823 [group]
= @e12~s826823 [text] "Smaller"
= @e13~s826823 [group]
= @e14~s826823 [text] "Larger"
= @e15~s826823 [group]
= @e16~s826823 [text] "Margins"
= @e17~s826823 [group]
= @e18~s826823 [text] "Annotations"
= @e19~s826823 [group]
= @e20~s826823 [text] "Add bookmark"
… more interactive elements not shown, use snapshot -i

2026-10-08T22:21:44.051879 ['open', 'dev.reader.ldx']
Opened: dev.reader.ldx
Session state: /home/camilo/.t3/userdata/device/agent-device/sessions/t3-2616f50f6a8a7d839226cb8a

2026-10-08T22:21:55.257163 ['click', '540', '1100', '--settle']
Tapped (540, 1100)
settled after 997ms: +29 -0 (~11 unchanged)
+ @e2~s826830 [text] "Previous"
+ @e3~s826830 [group]
+ @e4~s826830 [text] "Next"
+ @e5~s826830 [group]
+ @e6~s826830 [text] "Fixtures"
+ @e7~s826830 [group]
+ @e8~s826830 [text] "Dictionary"
+ @e9~s826830 [group]
+ @e10~s826830 [text] "Close"
+ @e11~s826830 [group]
+ @e12~s826830 [text] "Smaller"
+ @e13~s826830 [group]
+ @e14~s826830 [text] "Larger"
+ @e15~s826830 [group]
+ @e16~s826830 [text] "Margins"
+ @e17~s826830 [group]
+ @e18~s826830 [text] "Annotations"
+ @e19~s826830 [group]
+ @e20~s826830 [text] "Add bookmark"
+ @e21~s826830 [seekbar] "Reading position preview slider"
+ @e22~s826830 [group]
+ @e23~s826830 [text] "Return to 50%"
+ @e24~s826830 [group]
+ @e25~s826830 [text] "Chapter"
+ @e26~s826830 [group]
+ @e27~s826830 [text] "Search result"
+ @e28~s826830 [group]
+ @e29~s826830 [text] "Bookmark style"
+ @e30~s826830 [group]

2026-10-08T22:21:56.870377 ['click', 'label="Add bookmark"', '--settle']
Tapped label="Add bookmark" (446, 1718)
settled after 1143ms: +0 -0 (~40 unchanged)
unchanged interactive (20):
= @e1~s826834 [group]
= @e2~s826834 [text] "Previous"
= @e3~s826834 [group]
= @e4~s826834 [text] "Next"
= @e5~s826834 [group]
= @e6~s826834 [text] "Fixtures"
= @e7~s826834 [group]
= @e8~s826834 [text] "Dictionary"
= @e9~s826834 [group]
= @e10~s826834 [text] "Close"
= @e11~s826834 [group]
= @e12~s826834 [text] "Smaller"
= @e13~s826834 [group]
= @e14~s826834 [text] "Larger"
= @e15~s826834 [group]
= @e16~s826834 [text] "Margins"
= @e17~s826834 [group]
= @e18~s826834 [text] "Annotations"
= @e19~s826834 [group]
= @e20~s826834 [text] "Add bookmark"
… more interactive elements not shown, use snapshot -i

2026-10-08T22:22:00.573447 ['click', 'label="Next"', '--settle']
Tapped label="Next" (316, 1424)
settled after 1081ms: +3 -9 (~31 unchanged)
- @e32 [text] "El jardín de las palabras 1"
- @e33 [text] "Árbol, canción y corazón. Espero que estas palabras no afecten la lectura."
- @e34 [group] "link"
- @e35 [text] "Ir al segundo capítulo"
- @e36 [group] "[2]"
- @e37 [text] "[2]"
- @e38 [text] "."
- @e39 [text] "Pasaje 1.01: La viajera mira el jardín. Una canción recuerda el árbol, mientras los niños caminan entre flores. Cada palabra tiene su lugar en esta historia."
- @e40 [text] "Pasaje 1.02: La viajera mira el jardín. Una canción recuerda el árbol, mientras los niños caminan entre flores. Cada palabra tiene su lugar en esta historia."
+ @e32~s826839 [text] "Pasaje 1.03: La viajera mira el jardín. Una canción recuerda el árbol, mientras los niños caminan entre flores. Cada palabra tiene su lugar en esta historia."
+ @e33~s826839 [text] "Pasaje 1.04: La viajera mira el jardín. Una canción recuerda el árbol, mientras los niños caminan entre flores. Cada palabra tiene su lugar en esta historia."
+ @e34~s826839 [text] "Pasaje 1.05: La viajera mira el jardín. Una canción recuerda el árbol, mientras los niños caminan entre flores. Cada palabra tiene su lugar en esta historia."

2026-10-08T22:22:02.886399 ['click', 'label="Annotations"', '--settle']
Tapped label="Annotations" (164, 1676)
settled after 1876ms: +7 -28 (~6 unchanged)
+ @e1~s826844 [scroll-area]
- @e2 [text] "Previous"
+ @e3~s826844 [text] "Open passage"
- @e4 [text] "Next"
+ @e5~s826844 [text] "Edit"
- @e6 [text] "Fixtures"
+ @e7~s826844 [text] "Remove"
- @e8 [text] "Dictionary"
+ @e9~s826844 [text] "Open passage"
- @e10 [text] "Close"
+ @e11~s826844 [text] "Remove"
- @e12 [text] "Smaller"
- @e13 [group]
- @e14 [text] "Larger"
- @e15 [group]
- @e16 [text] "Margins"
- @e17 [group]
- @e18 [text] "Annotations"
- @e19 [group]
- @e20 [text] "Add bookmark"
- @e21 [seekbar] "Reading position preview slider"
- @e22 [group]
- @e23 [text] "Return to 50%"
- @e24 [group]
- @e25 [text] "Chapter"
- @e26 [group]
- @e27 [text] "Search result"
- @e28 [group]
- @e29 [text] "Bookmark style"
- @e30 [group]
- @e31 [webview] "El jardín de las palabras 1"
- @e32 [text] "Pasaje 1.03: La viajera mira el jardín. Una canción recuerda el árbol, mientras los niños caminan entre flores. Cada palabra tiene su lugar en esta historia."
- @e33 [text] "Pasaje 1.04: La viajera mira el jardín. Una canción recuerda el árbol, mientras los niños caminan entre flores. Cada palabra tiene su lugar en esta historia."
- @e34 [text] "Pasaje 1.05: La viajera mira el jardín. Una canción recuerda el árbol, mientras los niños caminan entre flores. Cada palabra tiene su lugar en esta historia."
+ @e13~s826844 [text] "Close list"

2026-10-08T22:22:03.152288 ['snapshot', '-i']
Page: dev.reader.ldx
App: dev.reader.ldx
Snapshot: 7 visible nodes (13 total)
Collapsed 6 Android helper nodes from the agent-facing text snapshot; use --raw or --json for the full hierarchy.
@e1 [scroll-area] [scrollable]
@e2 [group] "Open passage"
@e4 [group] "Edit"
@e6 [group] "Remove"
@e8 [group] "Open passage"
@e10 [group] "Remove"
@e12 [group] "Close list"

