--------- beginning of main
10-08 22:11:12.503 11481 11481 I ReaderEvidence: ANNOTATION_RENDERED []
10-08 22:11:13.874 11481 11481 I ReaderEvidence: SLIDER_STATE return={"href":"EPUB\/chapter2.xhtml","type":"application\/xhtml+xml","title":"Chapter 2","locations":{"cssSelector":"#chapter-2","progression":0,"position":2,"totalProgression":0.5},"text":{"highlight":"El jardín de las palabras 2"}} positions=200
10-08 22:11:14.161 11481 11481 I ReaderEvidence: VISIBLE {"href":"EPUB\/chapter1.xhtml","type":"application\/xhtml+xml","title":"El jardín de las palabras","locations":{"cssSelector":"#p-1-04","progression":0.16671812287743132,"position":1,"totalProgression":0},"text":{"highlight":"Pasaje 1.04: La viajera mira el jardín. Una canción recuerda el árbol, mientras los niños caminan entre flores. Cada palabra tiene su lugar en esta historia."}}
10-08 22:11:14.163 11481 11481 I ReaderEvidence: ANNOTATION_RENDERED []
10-08 22:11:18.078 11481 11481 I ReaderEvidence: VISIBLE {"href":"EPUB\/chapter1.xhtml","type":"application\/xhtml+xml","title":"El jardín de las palabras","locations":{"cssSelector":"#chapter-1","progression":0,"position":1,"totalProgression":0},"text":{"highlight":"El jardín de las palabras 1"}}
10-08 22:11:18.083 11481 11481 I ReaderEvidence: ANNOTATION_RENDERED []
10-08 22:11:18.090 11481 11481 I ReaderEvidence: COMMITTED {"href":"EPUB\/chapter1.xhtml","type":"application\/xhtml+xml","title":"El jardín de las palabras","locations":{"cssSelector":"#chapter-1","progression":0,"position":1,"totalProgression":0},"text":{"highlight":"El jardín de las palabras 1"}}
10-08 22:11:51.619 11481 11481 I ReaderEvidence: ANNOTATION_RENDERED []
10-08 22:11:52.277 11481 11481 I ReaderEvidence: ANNOTATION_RENDERED []
10-08 22:11:52.288 11481 11481 I ReaderEvidence: SLIDER_STATE return=null positions=200
10-08 22:11:52.702 11481 11481 I ReaderEvidence: VISIBLE {"href":"EPUB\/chapter2.xhtml","type":"application\/xhtml+xml","title":"Chapter 2","locations":{"cssSelector":"#chapter-2","progression":0,"position":2,"totalProgression":0.5},"text":{"highlight":"The garden of words 2"}}
10-08 22:11:52.703 11481 11481 I ReaderEvidence: ANNOTATION_RENDERED []
10-08 22:12:02.379 12001 12001 I ReaderEvidence: ANNOTATION_RENDERED []
10-08 22:12:02.683 12001 12001 I ReaderEvidence: SLIDER_STATE return=null positions=200
10-08 22:12:02.939 12001 12001 I ReaderEvidence: VISIBLE {"href":"EPUB\/chapter2.xhtml","type":"application\/xhtml+xml","title":"Chapter 2","locations":{"cssSelector":"#chapter-2","progression":0,"position":2,"totalProgression":0.5},"text":{"highlight":"The garden of words 2"}}
10-08 22:12:02.939 12001 12001 I ReaderEvidence: ANNOTATION_RENDERED []
10-08 22:12:08.565 12001 12001 I ReaderEvidence: VISIBLE {"href":"EPUB\/chapter1.xhtml","type":"application\/xhtml+xml","title":"The garden of words","locations":{"cssSelector":"#p-1-24","progression":0.8335906143871565,"position":1,"totalProgression":0},"text":{"highlight":"Passage 1.24: The traveler watches the garden. A song recalls the tree while children walk among flowers. Every word has its place in this story."}}
10-08 22:12:08.566 12001 12001 I ReaderEvidence: ANNOTATION_RENDERED []
10-08 22:12:08.568 12001 12001 I ReaderEvidence: COMMITTED {"href":"EPUB\/chapter1.xhtml","type":"application\/xhtml+xml","title":"The garden of words","locations":{"cssSelector":"#p-1-24","progression":0.8335906143871565,"position":1,"totalProgression":0},"text":{"highlight":"Passage 1.24: The traveler watches the garden. A song recalls the tree while children walk among flowers. Every word has its place in this story."}}
10-08 22:12:11.051 12001 12001 I ReaderEvidence: VISIBLE {"href":"EPUB\/chapter2.xhtml","type":"application\/xhtml+xml","title":"Chapter 2","locations":{"cssSelector":"#chapter-2","progression":0,"position":2,"totalProgression":0.5},"text":{"highlight":"The garden of words 2"}}
10-08 22:12:11.051 12001 12001 I ReaderEvidence: ANNOTATION_RENDERED []
10-08 22:12:11.053 12001 12001 I ReaderEvidence: COMMITTED {"href":"EPUB\/chapter2.xhtml","type":"application\/xhtml+xml","title":"Chapter 2","locations":{"cssSelector":"#chapter-2","progression":0,"position":2,"totalProgression":0.5},"text":{"highlight":"The garden of words 2"}}
10-08 22:12:31.316 12001 12001 I ReaderEvidence: SELECTION {"href":"EPUB\/chapter2.xhtml","type":"application\/xhtml+xml","title":"Chapter 2","locations":{"progression":0,"position":2,"totalProgression":0.5},"text":{"before":"garden of words 2I ","highlight":"can't","after":" forget the children's stories. These gardens hold words and memories.Go to the second chapter [2].Passage 2.01: The traveler watches the garden. A song recalls the tree while children walk among"}}
10-08 22:13:35.739 12001 12001 I ReaderEvidence: SELECTION {"href":"EPUB\/chapter2.xhtml","type":"application\/xhtml+xml","title":"Chapter 2","locations":{"progression":0,"position":2,"totalProgression":0.5},"text":{"before":"garden of words 2I ","highlight":"can't","after":" forget the children's stories. These gardens hold words and memories.Go to the second chapter [2].Passage 2.01: The traveler watches the garden. A song recalls the tree while children walk among"}}
10-08 22:13:39.047 12001 12001 I ReaderEvidence: DICTIONARY_IMPORTED id=55cc1b67920f82659088b15c6e8b9d787236b7fe5b345c8fc7a0b778509ec375 name=GNU Collaborative International Dictionary of English source=en target=en
10-08 22:14:15.916 12001 12001 I ReaderEvidence: SELECTION {"href":"EPUB\/chapter2.xhtml","type":"application\/xhtml+xml","title":"Chapter 2","locations":{"progression":0,"position":2,"totalProgression":0.5},"text":{"before":"garden of words 2I ","highlight":"can't","after":" forget the children's stories. These gardens hold words and memories.Go to the second chapter [2].Passage 2.01: The traveler watches the garden. A song recalls the tree while children walk among"}}
10-08 22:14:15.987 12001 12001 I ReaderEvidence: DICTIONARY_IMPORTED id=55c0e95e9c19886d79800535a1b8c6779016fea7566cbb75fc29317a6a6d0717 name=Wikcionario Inglés-Español source=en target=es
10-08 22:14:16.226 12001 12001 I ReaderEvidence: LOOKUP selected=can't source=en target=en headword=null kind=No entry. No supported package base form. elapsedMs=309
10-08 22:14:29.021 12001 12001 I ReaderEvidence: SELECTION {"href":"EPUB\/chapter2.xhtml","type":"application\/xhtml+xml","title":"Chapter 2","locations":{"progression":0,"position":2,"totalProgression":0.5},"text":{"before":"garden of words 2I ","highlight":"can't","after":" forget the children's stories. These gardens hold words and memories.Go to the second chapter [2].Passage 2.01: The traveler watches the garden. A song recalls the tree while children walk among"}}
10-08 22:14:29.107 12001 12001 I ReaderEvidence: LOOKUP selected=can't source=en target=en headword=null kind=No entry. No supported package base form. elapsedMs=81
10-08 22:14:32.558 12001 12001 I ReaderEvidence: DICTIONARY_IMPORTED id=ea80cc791b76c8a40d6d770e0d71a67d3e9075a1be98033883e7ce4f50ac71b7 name=Wikcionario Español-Español source=es target=es
10-08 22:15:19.641 12001 12001 I ReaderEvidence: SELECTION {"href":"EPUB\/chapter2.xhtml","type":"application\/xhtml+xml","title":"Chapter 2","locations":{"progression":0,"position":2,"totalProgression":0.5},"text":{"before":"garden of words 2I ","highlight":"can't","after":" forget the children's stories. These gardens hold words and memories.Go to the second chapter [2].Passage 2.01: The traveler watches the garden. A song recalls the tree while children walk among"}}
10-08 22:15:19.778 12001 12001 I ReaderEvidence: LOOKUP selected=can't source=en target=en headword=null kind=No entry. No supported package base form. elapsedMs=135
10-08 22:15:23.527 12001 12001 I ReaderEvidence: DICTIONARY_IMPORTED id=2b5959caf133d38f629c42fd4da8d254628ea2c3a62307691c6a78dd19e3a00f name=Wiktionary Spanish-English source=es target=en
10-08 22:15:52.927 12001 12001 I ReaderEvidence: SELECTION {"href":"EPUB\/chapter2.xhtml","type":"application\/xhtml+xml","title":"Chapter 2","locations":{"progression":0,"position":2,"totalProgression":0.5},"text":{"before":"garden of words 2I ","highlight":"can't","after":" forget the children's stories. These gardens hold words and memories.Go to the second chapter [2].Passage 2.01: The traveler watches the garden. A song recalls the tree while children walk among"}}
10-08 22:15:53.074 12001 12001 I ReaderEvidence: LOOKUP selected=can't source=en target=en headword=null kind=No entry. No supported package base form. elapsedMs=146
10-08 22:15:55.413 12001 12001 I ReaderEvidence: LOOKUP selected=can't source=en target=en headword=null kind=No entry. No supported package base form. elapsedMs=105
10-08 22:16:24.543 12001 12001 E ReaderEvidence: Dictionary rejected: Missing or oversized en-es.idx
10-08 22:16:24.543 12001 12001 E ReaderEvidence: java.lang.IllegalArgumentException: Dictionary rejected: Missing or oversized en-es.idx
10-08 22:16:24.543 12001 12001 E ReaderEvidence: 	at dev.reader.ldx.DictionaryStore.importPackage(DictionaryPackage.kt:78)
10-08 22:16:24.543 12001 12001 E ReaderEvidence: 	at dev.reader.ldx.MainActivity$importDictionary$1$1$1$1$imported$1.invokeSuspend(MainActivity.kt:54)
10-08 22:16:24.543 12001 12001 E ReaderEvidence: 	at kotlin.coroutines.jvm.internal.BaseContinuationImpl.resumeWith(ContinuationImpl.kt:33)
10-08 22:16:24.543 12001 12001 E ReaderEvidence: 	at kotlinx.coroutines.DispatchedTask.run(DispatchedTask.kt:100)
10-08 22:16:24.543 12001 12001 E ReaderEvidence: 	at kotlinx.coroutines.internal.LimitedDispatcher$Worker.run(LimitedDispatcher.kt:124)
10-08 22:16:24.543 12001 12001 E ReaderEvidence: 	at kotlinx.coroutines.scheduling.TaskImpl.run(Tasks.kt:89)
10-08 22:16:24.543 12001 12001 E ReaderEvidence: 	at kotlinx.coroutines.scheduling.CoroutineScheduler.runSafely(CoroutineScheduler.kt:586)
10-08 22:16:24.543 12001 12001 E ReaderEvidence: 	at kotlinx.coroutines.scheduling.CoroutineScheduler$Worker.executeTask(CoroutineScheduler.kt:820)
10-08 22:16:24.543 12001 12001 E ReaderEvidence: 	at kotlinx.coroutines.scheduling.CoroutineScheduler$Worker.runWorker(CoroutineScheduler.kt:717)
10-08 22:16:24.543 12001 12001 E ReaderEvidence: 	at kotlinx.coroutines.scheduling.CoroutineScheduler$Worker.run(CoroutineScheduler.kt:704)
10-08 22:16:24.543 12001 12001 E ReaderEvidence: Caused by: java.lang.IllegalArgumentException: Missing or oversized en-es.idx
10-08 22:16:24.543 12001 12001 E ReaderEvidence: 	at dev.reader.ldx.DictionaryStore.importPackage$expand(DictionaryPackage.kt:55)
10-08 22:16:24.543 12001 12001 E ReaderEvidence: 	at dev.reader.ldx.DictionaryStore.importPackage(DictionaryPackage.kt:57)
10-08 22:16:24.543 12001 12001 E ReaderEvidence: 	... 9 more
10-08 22:16:25.774 12001 12001 I ReaderEvidence: SELECTION {"href":"EPUB\/chapter2.xhtml","type":"application\/xhtml+xml","title":"Chapter 2","locations":{"progression":0,"position":2,"totalProgression":0.5},"text":{"before":"garden of words 2I ","highlight":"can't","after":" forget the children's stories. These gardens hold words and memories.Go to the second chapter [2].Passage 2.01: The traveler watches the garden. A song recalls the tree while children walk among"}}
10-08 22:16:26.309 12001 12001 I ReaderEvidence: LOOKUP selected=can't source=en target=en headword=null kind=No entry. No supported package base form. elapsedMs=535
10-08 22:16:41.367 12001 12001 I ReaderEvidence: SELECTION {"href":"EPUB\/chapter2.xhtml","type":"application\/xhtml+xml","title":"Chapter 2","locations":{"progression":0,"position":2,"totalProgression":0.5},"text":{"before":"t forget the children's stories. These gardens hold words and memories.Go to the second chapter [2].Passage 2.01: The traveler watches the garden. A song recalls the tree while children walk among ","highlight":"flowers","after":". Every word has its place in this story.Passage 2.02: The traveler watches the garden. A song recalls the tree while children walk among flowers. Every word has its place in this story.Passage"}}
10-08 22:16:41.602 12001 12001 I ReaderEvidence: LOOKUP selected=flowers source=en target=en headword=null kind=No entry. No supported package base form. elapsedMs=234
10-08 22:16:50.229 12001 12001 I ReaderEvidence: LOOKUP selected=flowers source=en target=es headword=flower kind=Package synonym / base form elapsedMs=46
10-08 22:17:01.640 12001 12001 I ReaderEvidence: SELECTION {"href":"EPUB\/chapter2.xhtml","type":"application\/xhtml+xml","title":"Chapter 2","locations":{"progression":0,"position":2,"totalProgression":0.5},"text":{"before":"t forget the children's stories. These gardens hold words and memories.Go to the second chapter [2].Passage 2.01: The traveler watches the garden. A song recalls the tree while children walk among ","highlight":"flowers","after":". Every word has its place in this story.Passage 2.02: The traveler watches the garden. A song recalls the tree while children walk among flowers. Every word has its place in this story.Passage"}}
10-08 22:17:01.811 12001 12001 I ReaderEvidence: LOOKUP selected=flowers source=en target=en headword=null kind=No entry. No supported package base form. elapsedMs=169
10-08 22:17:09.074 14447 14447 I ReaderEvidence: ANNOTATION_RENDERED []
10-08 22:17:09.087 14447 14447 I ReaderEvidence: SLIDER_STATE return=null positions=200
10-08 22:17:09.581 14447 14447 I ReaderEvidence: VISIBLE {"href":"EPUB\/chapter2.xhtml","type":"application\/xhtml+xml","title":"Chapter 2","locations":{"cssSelector":"#chapter-2","progression":0,"position":2,"totalProgression":0.5},"text":{"highlight":"The garden of words 2"}}
10-08 22:17:09.581 14447 14447 I ReaderEvidence: ANNOTATION_RENDERED []
10-08 22:17:15.775 14447 14447 I ReaderEvidence: ANNOTATION_RENDERED []
10-08 22:17:16.430 14447 14447 I ReaderEvidence: ANNOTATION_RENDERED []
10-08 22:17:16.448 14447 14447 I ReaderEvidence: SLIDER_STATE return={"href":"EPUB\/chapter2.xhtml","type":"application\/xhtml+xml","title":"Chapter 2","locations":{"cssSelector":"#chapter-2","progression":0,"position":2,"totalProgression":0.5},"text":{"highlight":"El jardín de las palabras 2"}} positions=200
10-08 22:17:16.833 14447 14447 I ReaderEvidence: VISIBLE {"href":"EPUB\/chapter1.xhtml","type":"application\/xhtml+xml","title":"El jardín de las palabras","locations":{"cssSelector":"#chapter-1","progression":0,"position":1,"totalProgression":0},"text":{"highlight":"El jardín de las palabras 1"}}
10-08 22:17:16.834 14447 14447 I ReaderEvidence: ANNOTATION_RENDERED []
10-08 22:17:21.046 14447 14447 I ReaderEvidence: SELECTION {"href":"EPUB\/chapter1.xhtml","type":"application\/xhtml+xml","title":"El jardín de las palabras","locations":{"progression":0,"position":1,"totalProgression":0},"text":{"before":"jardín de las palabras 1Árbol, canción y corazón. Espero que estas palabras no ","highlight":"afecten","after":" la lectura.Ir al segundo capítulo [2].Pasaje 1.01: La viajera mira el jardín. Una canción recuerda el árbol, mientras los niños caminan entre flores. Cada palabra tiene su lugar en esta historia"}}
10-08 22:17:21.657 14447 14447 I ReaderEvidence: LOOKUP selected=afecten source=es target=es headword=afectar, afectarse kind=Package synonym / base form elapsedMs=610
10-08 22:17:57.646 14447 14447 I ReaderEvidence: SELECTION {"href":"EPUB\/chapter1.xhtml","type":"application\/xhtml+xml","title":"El jardín de las palabras","locations":{"progression":0,"position":1,"totalProgression":0},"text":{"before":"jardín de las palabras 1Árbol, ","highlight":"canción","after":" y corazón. Espero que estas palabras no afecten la lectura.Ir al segundo capítulo [2].Pasaje 1.01: La viajera mira el jardín. Una canción recuerda el árbol, mientras los niños caminan entre flores"}}
10-08 22:17:57.882 14447 14447 I ReaderEvidence: LOOKUP selected=canción source=es target=es headword=canción kind=Exact match elapsedMs=233
10-08 22:18:02.346 14447 14447 I ReaderEvidence: LOOKUP selected=canción source=es target=en headword=canción kind=Exact match elapsedMs=71
10-08 22:18:48.860 14447 14447 I ReaderEvidence: SELECTION {"href":"EPUB\/chapter1.xhtml","type":"application\/xhtml+xml","title":"El jardín de las palabras","locations":{"progression":0,"position":1,"totalProgression":0},"text":{"before":"jardín de las palabras 1Árbol, ","highlight":"canción","after":" y corazón. Espero que estas palabras no afecten la lectura.Ir al segundo capítulo [2].Pasaje 1.01: La viajera mira el jardín. Una canción recuerda el árbol, mientras los niños caminan entre flores"}}
10-08 22:18:49.020 14447 14447 I ReaderEvidence: LOOKUP selected=canción source=es target=es headword=canción kind=Exact match elapsedMs=159
10-08 22:19:20.747 14447 14447 I ReaderEvidence: SELECTION {"href":"EPUB\/chapter1.xhtml","type":"application\/xhtml+xml","title":"El jardín de las palabras","locations":{"progression":0,"position":1,"totalProgression":0},"text":{"before":"jardín de las palabras 1Árbol, ","highlight":"canción","after":" y corazón. Espero que estas palabras no afecten la lectura.Ir al segundo capítulo [2].Pasaje 1.01: La viajera mira el jardín. Una canción recuerda el árbol, mientras los niños caminan entre flores"}}
10-08 22:19:20.963 14447 14447 I ReaderEvidence: LOOKUP selected=canción source=es target=es headword=canción kind=Exact match elapsedMs=214
10-08 22:19:29.361 14447 14447 I ReaderEvidence: LOOKUP selected=readerldxabsentzz source=es target=es headword=null kind=No entry. No supported package base form. elapsedMs=66
10-08 22:19:42.536 14447 14447 I ReaderEvidence: LOOKUP selected=this phrase has no dictionary entry source=es target=es headword=null kind=No entry. No supported package base form. elapsedMs=82
10-08 22:20:07.555 14447 14447 I ReaderEvidence: ANNOTATION_RENDERED []
10-08 22:20:07.856 14447 14447 I ReaderEvidence: SLIDER_STATE return={"href":"EPUB\/chapter2.xhtml","type":"application\/xhtml+xml","title":"Chapter 2","locations":{"cssSelector":"#chapter-2","progression":0,"position":2,"totalProgression":0.5},"text":{"highlight":"El jardín de las palabras 2"}} positions=200
10-08 22:20:08.156 14447 14447 I ReaderEvidence: VISIBLE {"href":"EPUB\/chapter1.xhtml","type":"application\/xhtml+xml","title":"El jardín de las palabras","locations":{"cssSelector":"#chapter-1","progression":0,"position":1,"totalProgression":0},"text":{"highlight":"El jardín de las palabras 1"}}
10-08 22:20:08.157 14447 14447 I ReaderEvidence: ANNOTATION_RENDERED []
10-08 22:20:12.630 14447 14447 I ReaderEvidence: SELECTION {"href":"EPUB\/chapter1.xhtml","type":"application\/xhtml+xml","title":"El jardín de las palabras","locations":{"progression":0,"position":1,"totalProgression":0},"text":{"before":"jardín de las palabras 1Árbol, ","highlight":"canción","after":" y corazón. Espero que estas palabras no afecten la lectura.Ir al segundo capítulo [2].Pasaje 1.01: La viajera mira el jardín. Una canción recuerda el árbol, mientras los niños caminan entre flores"}}
10-08 22:20:12.863 14447 14447 I ReaderEvidence: LOOKUP selected=canción source=es target=es headword=canción kind=Exact match elapsedMs=230
10-08 22:20:13.964 14447 14447 I ReaderEvidence: SELECTION {"href":"EPUB\/chapter1.xhtml","type":"application\/xhtml+xml","title":"El jardín de las palabras","locations":{"progression":0,"position":1,"totalProgression":0},"text":{"before":"jardín de las palabras 1Árbol, ","highlight":"canción","after":" y corazón. Espero que estas palabras no afecten la lectura.Ir al segundo capítulo [2].Pasaje 1.01: La viajera mira el jardín. Una canción recuerda el árbol, mientras los niños caminan entre flores"}}
10-08 22:20:31.751 14447 14447 I ReaderEvidence: ANNOTATION_SAVED id=490ca24b-4cfe-4091-b12d-2cbfbdcff56a kind=passage color=Yellow note=combined-note-v1 canción range={"href":"EPUB\/chapter1.xhtml","type":"application\/xhtml+xml","title":"El jardín de las palabras","locations":{"progression":0,"position":1,"totalProgression":0},"text":{"before":"jardín de las palabras 1Árbol, ","highlight":"canción","after":" y corazón. Espero que estas palabras no afecten la lectura.Ir al segundo capítulo [2].Pasaje 1.01: La viajera mira el jardín. Una canción recuerda el árbol, mientras los niños caminan entre flores"}}
10-08 22:20:32.055 14447 14447 I ReaderEvidence: ANNOTATION_RENDERED [{"boxes":1,"endElement":"lead-1","endOffset":14,"id":"490ca24b-4cfe-4091-b12d-2cbfbdcff56a","startElement":"lead-1","startOffset":7,"text":"canción"}]
10-08 22:20:32.055 14447 14447 I ReaderEvidence: ANNOTATION_RESTORED id=490ca24b-4cfe-4091-b12d-2cbfbdcff56a kind=passage color=Yellow note=combined-note-v1 canción range={"href":"EPUB\/chapter1.xhtml","type":"application\/xhtml+xml","title":"El jardín de las palabras","locations":{"progression":0,"position":1,"totalProgression":0},"text":{"before":"jardín de las palabras 1Árbol, ","highlight":"canción","after":" y corazón. Espero que estas palabras no afecten la lectura.Ir al segundo capítulo [2].Pasaje 1.01: La viajera mira el jardín. Una canción recuerda el árbol, mientras los niños caminan entre flores"}}
10-08 22:20:36.975 14447 14447 I ReaderEvidence: SELECTION {"href":"EPUB\/chapter1.xhtml","type":"application\/xhtml+xml","title":"El jardín de las palabras","locations":{"progression":0,"position":1,"totalProgression":0},"text":{"before":"jardín de las palabras 1Árbol, ","highlight":"canción","after":" y corazón. Espero que estas palabras no afecten la lectura.Ir al segundo capítulo [2].Pasaje 1.01: La viajera mira el jardín. Una canción recuerda el árbol, mientras los niños caminan entre flores"}}
10-08 22:20:37.199 14447 14447 I ReaderEvidence: LOOKUP selected=canción source=es target=es headword=canción kind=Exact match elapsedMs=223
10-08 22:21:01.125 14447 14447 I ReaderEvidence: ANNOTATION_SAVED id=490ca24b-4cfe-4091-b12d-2cbfbdcff56a kind=passage color=Aqua note=combined-note-v2 edited durable range={"href":"EPUB\/chapter1.xhtml","type":"application\/xhtml+xml","title":"El jardín de las palabras","locations":{"progression":0,"position":1,"totalProgression":0},"text":{"before":"jardín de las palabras 1Árbol, ","highlight":"canción","after":" y corazón. Espero que estas palabras no afecten la lectura.Ir al segundo capítulo [2].Pasaje 1.01: La viajera mira el jardín. Una canción recuerda el árbol, mientras los niños caminan entre flores"}}
10-08 22:21:01.620 14447 14447 I ReaderEvidence: ANNOTATION_RENDERED [{"boxes":1,"endElement":"lead-1","endOffset":14,"id":"490ca24b-4cfe-4091-b12d-2cbfbdcff56a","startElement":"lead-1","startOffset":7,"text":"canción"}]
10-08 22:21:01.620 14447 14447 I ReaderEvidence: ANNOTATION_RESTORED id=490ca24b-4cfe-4091-b12d-2cbfbdcff56a kind=passage color=Aqua note=combined-note-v2 edited durable range={"href":"EPUB\/chapter1.xhtml","type":"application\/xhtml+xml","title":"El jardín de las palabras","locations":{"progression":0,"position":1,"totalProgression":0},"text":{"before":"jardín de las palabras 1Árbol, ","highlight":"canción","after":" y corazón. Espero que estas palabras no afecten la lectura.Ir al segundo capítulo [2].Pasaje 1.01: La viajera mira el jardín. Una canción recuerda el árbol, mientras los niños caminan entre flores"}}
10-08 22:21:09.710 16598 16598 I ReaderEvidence: ANNOTATION_RENDERED [{"boxes":1,"endElement":"lead-1","endOffset":14,"id":"490ca24b-4cfe-4091-b12d-2cbfbdcff56a","startElement":"lead-1","startOffset":7,"text":"canción"}]
10-08 22:21:09.710 16598 16598 I ReaderEvidence: ANNOTATION_RESTORED id=490ca24b-4cfe-4091-b12d-2cbfbdcff56a kind=passage color=Aqua note=combined-note-v2 edited durable range={"href":"EPUB\/chapter1.xhtml","type":"application\/xhtml+xml","title":"El jardín de las palabras","locations":{"progression":0,"position":1,"totalProgression":0},"text":{"before":"jardín de las palabras 1Árbol, ","highlight":"canción","after":" y corazón. Espero que estas palabras no afecten la lectura.Ir al segundo capítulo [2].Pasaje 1.01: La viajera mira el jardín. Una canción recuerda el árbol, mientras los niños caminan entre flores"}}
10-08 22:21:09.716 16598 16598 I ReaderEvidence: SLIDER_STATE return={"href":"EPUB\/chapter2.xhtml","type":"application\/xhtml+xml","title":"Chapter 2","locations":{"cssSelector":"#chapter-2","progression":0,"position":2,"totalProgression":0.5},"text":{"highlight":"El jardín de las palabras 2"}} positions=200
10-08 22:21:10.073 16598 16598 I ReaderEvidence: VISIBLE {"href":"EPUB\/chapter1.xhtml","type":"application\/xhtml+xml","title":"El jardín de las palabras","locations":{"cssSelector":"#chapter-1","progression":0,"position":1,"totalProgression":0},"text":{"highlight":"El jardín de las palabras 1"}}
10-08 22:21:10.073 16598 16598 I ReaderEvidence: ANNOTATION_RENDERED [{"boxes":1,"endElement":"lead-1","endOffset":14,"id":"490ca24b-4cfe-4091-b12d-2cbfbdcff56a","startElement":"lead-1","startOffset":7,"text":"canción"}]
10-08 22:21:28.180 16598 16598 I ReaderEvidence: ANNOTATION_NAVIGATE kind=passage range={"href":"EPUB\/chapter1.xhtml","type":"application\/xhtml+xml","title":"El jardín de las palabras","locations":{"progression":0,"position":1,"totalProgression":0},"text":{"before":"jardín de las palabras 1Árbol, ","highlight":"canción","after":" y corazón. Espero que estas palabras no afecten la lectura.Ir al segundo capítulo [2].Pasaje 1.01: La viajera mira el jardín. Una canción recuerda el árbol, mientras los niños caminan entre flores"}}
10-08 22:21:32.021 16598 16598 I ReaderEvidence: COMMITTED {"href":"EPUB\/chapter1.xhtml","type":"application\/xhtml+xml","title":"El jardín de las palabras","locations":{"cssSelector":"#chapter-1","progression":0,"position":1,"totalProgression":0},"text":{"highlight":"El jardín de las palabras 1"}}
10-08 22:21:33.005 16598 16598 I ReaderEvidence: ANNOTATION_RENDERED [{"boxes":1,"endElement":"lead-1","endOffset":14,"id":"490ca24b-4cfe-4091-b12d-2cbfbdcff56a","startElement":"lead-1","startOffset":7,"text":"canción"}]
10-08 22:21:33.005 16598 16598 I ReaderEvidence: ANNOTATION_RESTORED id=490ca24b-4cfe-4091-b12d-2cbfbdcff56a kind=passage color=Aqua note=combined-note-v2 edited durable range={"href":"EPUB\/chapter1.xhtml","type":"application\/xhtml+xml","title":"El jardín de las palabras","locations":{"progression":0,"position":1,"totalProgression":0},"text":{"before":"jardín de las palabras 1Árbol, ","highlight":"canción","after":" y corazón. Espero que estas palabras no afecten la lectura.Ir al segundo capítulo [2].Pasaje 1.01: La viajera mira el jardín. Una canción recuerda el árbol, mientras los niños caminan entre flores"}}
10-08 22:21:33.171 16598 16598 I ReaderEvidence: REFLOW anchor={"href":"EPUB\/chapter1.xhtml","type":"application\/xhtml+xml","title":"El jardín de las palabras","locations":{"cssSelector":"#chapter-1","progression":0,"position":1,"totalProgression":0},"text":{"highlight":"El jardín de las palabras 1"}}
10-08 22:21:33.418 16598 16598 I ReaderEvidence: VISIBLE {"href":"EPUB\/chapter1.xhtml","type":"application\/xhtml+xml","title":"El jardín de las palabras","locations":{"cssSelector":"#chapter-1","progression":0,"position":1,"totalProgression":0},"text":{"highlight":"El jardín de las palabras 1"}}
10-08 22:21:33.419 16598 16598 I ReaderEvidence: ANNOTATION_RENDERED [{"boxes":1,"endElement":"lead-1","endOffset":14,"id":"490ca24b-4cfe-4091-b12d-2cbfbdcff56a","startElement":"lead-1","startOffset":7,"text":"canción"}]
10-08 22:21:34.402 16598 16598 I ReaderEvidence: COMMITTED {"href":"EPUB\/chapter1.xhtml","type":"application\/xhtml+xml","title":"El jardín de las palabras","locations":{"cssSelector":"#chapter-1","progression":0,"position":1,"totalProgression":0},"text":{"highlight":"El jardín de las palabras 1"}}
10-08 22:21:35.369 16598 16598 I ReaderEvidence: ANNOTATION_RENDERED [{"boxes":1,"endElement":"lead-1","endOffset":14,"id":"490ca24b-4cfe-4091-b12d-2cbfbdcff56a","startElement":"lead-1","startOffset":7,"text":"canción"}]
10-08 22:21:35.369 16598 16598 I ReaderEvidence: ANNOTATION_RESTORED id=490ca24b-4cfe-4091-b12d-2cbfbdcff56a kind=passage color=Aqua note=combined-note-v2 edited durable range={"href":"EPUB\/chapter1.xhtml","type":"application\/xhtml+xml","title":"El jardín de las palabras","locations":{"progression":0,"position":1,"totalProgression":0},"text":{"before":"jardín de las palabras 1Árbol, ","highlight":"canción","after":" y corazón. Espero que estas palabras no afecten la lectura.Ir al segundo capítulo [2].Pasaje 1.01: La viajera mira el jardín. Una canción recuerda el árbol, mientras los niños caminan entre flores"}}
10-08 22:21:35.495 16598 16598 I ReaderEvidence: REFLOW anchor={"href":"EPUB\/chapter1.xhtml","type":"application\/xhtml+xml","title":"El jardín de las palabras","locations":{"cssSelector":"#chapter-1","progression":0,"position":1,"totalProgression":0},"text":{"highlight":"El jardín de las palabras 1"}}
10-08 22:21:35.748 16598 16598 I ReaderEvidence: VISIBLE {"href":"EPUB\/chapter1.xhtml","type":"application\/xhtml+xml","title":"El jardín de las palabras","locations":{"cssSelector":"#chapter-1","progression":0,"position":1,"totalProgression":0},"text":{"highlight":"El jardín de las palabras 1"}}
10-08 22:21:35.749 16598 16598 I ReaderEvidence: ANNOTATION_RENDERED [{"boxes":1,"endElement":"lead-1","endOffset":14,"id":"490ca24b-4cfe-4091-b12d-2cbfbdcff56a","startElement":"lead-1","startOffset":7,"text":"canción"}]
10-08 22:21:43.381 17079 17079 I ReaderEvidence: ANNOTATION_RENDERED [{"boxes":1,"endElement":"lead-1","endOffset":14,"id":"490ca24b-4cfe-4091-b12d-2cbfbdcff56a","startElement":"lead-1","startOffset":7,"text":"canción"}]
10-08 22:21:43.381 17079 17079 I ReaderEvidence: ANNOTATION_RESTORED id=490ca24b-4cfe-4091-b12d-2cbfbdcff56a kind=passage color=Aqua note=combined-note-v2 edited durable range={"href":"EPUB\/chapter1.xhtml","type":"application\/xhtml+xml","title":"El jardín de las palabras","locations":{"progression":0,"position":1,"totalProgression":0},"text":{"before":"jardín de las palabras 1Árbol, ","highlight":"canción","after":" y corazón. Espero que estas palabras no afecten la lectura.Ir al segundo capítulo [2].Pasaje 1.01: La viajera mira el jardín. Una canción recuerda el árbol, mientras los niños caminan entre flores"}}
10-08 22:21:43.718 17079 17079 I ReaderEvidence: SLIDER_STATE return={"href":"EPUB\/chapter2.xhtml","type":"application\/xhtml+xml","title":"Chapter 2","locations":{"cssSelector":"#chapter-2","progression":0,"position":2,"totalProgression":0.5},"text":{"highlight":"El jardín de las palabras 2"}} positions=200
10-08 22:21:43.971 17079 17079 I ReaderEvidence: VISIBLE {"href":"EPUB\/chapter1.xhtml","type":"application\/xhtml+xml","title":"El jardín de las palabras","locations":{"cssSelector":"#chapter-1","progression":0,"position":1,"totalProgression":0},"text":{"highlight":"El jardín de las palabras 1"}}
10-08 22:21:43.972 17079 17079 I ReaderEvidence: ANNOTATION_RENDERED [{"boxes":1,"endElement":"lead-1","endOffset":14,"id":"490ca24b-4cfe-4091-b12d-2cbfbdcff56a","startElement":"lead-1","startOffset":7,"text":"canción"}]
10-08 22:21:54.649 17079 17079 I ReaderEvidence: ANNOTATION_SAVED id=014c1875-b09d-4ebe-bb0b-761f71985fdd kind=bookmark color=Yellow note= range={"href":"EPUB\/chapter1.xhtml","type":"application\/xhtml+xml","title":"El jardín de las palabras","locations":{"cssSelector":"#chapter-1","progression":0,"position":1,"totalProgression":0},"text":{"highlight":"El jardín de las palabras 1"}}
10-08 22:21:54.999 17079 17079 I ReaderEvidence: ANNOTATION_RENDERED [{"boxes":1,"endElement":"lead-1","endOffset":14,"id":"490ca24b-4cfe-4091-b12d-2cbfbdcff56a","startElement":"lead-1","startOffset":7,"text":"canción"}]
10-08 22:21:54.999 17079 17079 I ReaderEvidence: ANNOTATION_RESTORED id=490ca24b-4cfe-4091-b12d-2cbfbdcff56a kind=passage color=Aqua note=combined-note-v2 edited durable range={"href":"EPUB\/chapter1.xhtml","type":"application\/xhtml+xml","title":"El jardín de las palabras","locations":{"progression":0,"position":1,"totalProgression":0},"text":{"before":"jardín de las palabras 1Árbol, ","highlight":"canción","after":" y corazón. Espero que estas palabras no afecten la lectura.Ir al segundo capítulo [2].Pasaje 1.01: La viajera mira el jardín. Una canción recuerda el árbol, mientras los niños caminan entre flores"}}
10-08 22:21:54.999 17079 17079 I ReaderEvidence: ANNOTATION_RESTORED id=014c1875-b09d-4ebe-bb0b-761f71985fdd kind=bookmark color=Yellow note= range={"href":"EPUB\/chapter1.xhtml","type":"application\/xhtml+xml","title":"El jardín de las palabras","locations":{"cssSelector":"#chapter-1","progression":0,"position":1,"totalProgression":0},"text":{"highlight":"El jardín de las palabras 1"}}
10-08 22:21:58.864 17079 17079 I ReaderEvidence: VISIBLE {"href":"EPUB\/chapter1.xhtml","type":"application\/xhtml+xml","title":"El jardín de las palabras","locations":{"cssSelector":"#p-1-02","progression":0.11113397818481169,"position":1,"totalProgression":0},"text":{"highlight":"Pasaje 1.02: La viajera mira el jardín. Una canción recuerda el árbol, mientras los niños caminan entre flores. Cada palabra tiene su lugar en esta historia."}}
10-08 22:21:58.866 17079 17079 I ReaderEvidence: ANNOTATION_RENDERED [{"boxes":1,"endElement":"lead-1","endOffset":14,"id":"490ca24b-4cfe-4091-b12d-2cbfbdcff56a","startElement":"lead-1","startOffset":7,"text":"canción"}]
10-08 22:21:58.868 17079 17079 I ReaderEvidence: COMMITTED {"href":"EPUB\/chapter1.xhtml","type":"application\/xhtml+xml","title":"El jardín de las palabras","locations":{"cssSelector":"#p-1-02","progression":0.11113397818481169,"position":1,"totalProgression":0},"text":{"highlight":"Pasaje 1.02: La viajera mira el jardín. Una canción recuerda el árbol, mientras los niños caminan entre flores. Cada palabra tiene su lugar en esta historia."}}
10-08 22:22:42.862 17079 17079 I ReaderEvidence: ANNOTATION_NAVIGATE kind=bookmark range={"href":"EPUB\/chapter1.xhtml","type":"application\/xhtml+xml","title":"El jardín de las palabras","locations":{"cssSelector":"#chapter-1","progression":0,"position":1,"totalProgression":0},"text":{"highlight":"El jardín de las palabras 1"}}
10-08 22:22:43.270 17079 17079 I ReaderEvidence: VISIBLE {"href":"EPUB\/chapter1.xhtml","type":"application\/xhtml+xml","title":"El jardín de las palabras","locations":{"cssSelector":"#chapter-1","progression":0,"position":1,"totalProgression":0},"text":{"highlight":"El jardín de las palabras 1"}}
10-08 22:22:43.270 17079 17079 I ReaderEvidence: ANNOTATION_RENDERED [{"boxes":1,"endElement":"lead-1","endOffset":14,"id":"490ca24b-4cfe-4091-b12d-2cbfbdcff56a","startElement":"lead-1","startOffset":7,"text":"canción"}]
10-08 22:22:43.327 17079 17079 I ReaderEvidence: COMMITTED {"href":"EPUB\/chapter1.xhtml","type":"application\/xhtml+xml","title":"El jardín de las palabras","locations":{"cssSelector":"#chapter-1","progression":0,"position":1,"totalProgression":0},"text":{"highlight":"El jardín de las palabras 1"}}
10-08 22:22:56.445 17079 17079 I ReaderEvidence: ANNOTATION_REMOVED id=014c1875-b09d-4ebe-bb0b-761f71985fdd
10-08 22:22:56.855 17079 17079 I ReaderEvidence: ANNOTATION_RENDERED [{"boxes":1,"endElement":"lead-1","endOffset":14,"id":"490ca24b-4cfe-4091-b12d-2cbfbdcff56a","startElement":"lead-1","startOffset":7,"text":"canción"}]
10-08 22:22:56.855 17079 17079 I ReaderEvidence: ANNOTATION_RESTORED id=490ca24b-4cfe-4091-b12d-2cbfbdcff56a kind=passage color=Aqua note=combined-note-v2 edited durable range={"href":"EPUB\/chapter1.xhtml","type":"application\/xhtml+xml","title":"El jardín de las palabras","locations":{"progression":0,"position":1,"totalProgression":0},"text":{"before":"jardín de las palabras 1Árbol, ","highlight":"canción","after":" y corazón. Espero que estas palabras no afecten la lectura.Ir al segundo capítulo [2].Pasaje 1.01: La viajera mira el jardín. Una canción recuerda el árbol, mientras los niños caminan entre flores"}}
10-08 22:22:58.100 17079 17079 I ReaderEvidence: ANNOTATION_REMOVED id=490ca24b-4cfe-4091-b12d-2cbfbdcff56a
10-08 22:22:58.449 17079 17079 I ReaderEvidence: ANNOTATION_RENDERED []
10-08 22:23:03.391 17079 17079 I ReaderEvidence: COMMITTED {"href":"EPUB\/chapter1.xhtml","type":"application\/xhtml+xml","title":"El jardín de las palabras","locations":{"cssSelector":"#chapter-1","progression":0,"position":1,"totalProgression":0},"text":{"highlight":"El jardín de las palabras 1"}}
10-08 22:23:04.393 17079 17079 I ReaderEvidence: ANNOTATION_RENDERED []
10-08 22:23:04.445 17079 17079 I ReaderEvidence: REFLOW anchor={"href":"EPUB\/chapter1.xhtml","type":"application\/xhtml+xml","title":"El jardín de las palabras","locations":{"cssSelector":"#chapter-1","progression":0,"position":1,"totalProgression":0},"text":{"highlight":"El jardín de las palabras 1"}}
10-08 22:23:04.834 17079 17079 I ReaderEvidence: VISIBLE {"href":"EPUB\/chapter1.xhtml","type":"application\/xhtml+xml","title":"El jardín de las palabras","locations":{"cssSelector":"#chapter-1","progression":0,"position":1,"totalProgression":0},"text":{"highlight":"El jardín de las palabras 1"}}
10-08 22:23:04.835 17079 17079 I ReaderEvidence: ANNOTATION_RENDERED []
10-08 22:23:05.704 17079 17079 I ReaderEvidence: COMMITTED {"href":"EPUB\/chapter1.xhtml","type":"application\/xhtml+xml","title":"El jardín de las palabras","locations":{"cssSelector":"#chapter-1","progression":0,"position":1,"totalProgression":0},"text":{"highlight":"El jardín de las palabras 1"}}
10-08 22:23:06.573 17079 17079 I ReaderEvidence: ANNOTATION_RENDERED []
10-08 22:23:06.676 17079 17079 I ReaderEvidence: REFLOW anchor={"href":"EPUB\/chapter1.xhtml","type":"application\/xhtml+xml","title":"El jardín de las palabras","locations":{"cssSelector":"#chapter-1","progression":0,"position":1,"totalProgression":0},"text":{"highlight":"El jardín de las palabras 1"}}
10-08 22:23:06.935 17079 17079 I ReaderEvidence: VISIBLE {"href":"EPUB\/chapter1.xhtml","type":"application\/xhtml+xml","title":"El jardín de las palabras","locations":{"cssSelector":"#chapter-1","progression":0,"position":1,"totalProgression":0},"text":{"highlight":"El jardín de las palabras 1"}}
10-08 22:23:06.935 17079 17079 I ReaderEvidence: ANNOTATION_RENDERED []
10-08 22:23:08.256 17079 17079 I ReaderEvidence: COMMITTED {"href":"EPUB\/chapter1.xhtml","type":"application\/xhtml+xml","title":"El jardín de las palabras","locations":{"cssSelector":"#chapter-1","progression":0,"position":1,"totalProgression":0},"text":{"highlight":"El jardín de las palabras 1"}}
10-08 22:23:09.229 17079 17079 I ReaderEvidence: ANNOTATION_RENDERED []
10-08 22:23:09.396 17079 17079 I ReaderEvidence: REFLOW anchor={"href":"EPUB\/chapter1.xhtml","type":"application\/xhtml+xml","title":"El jardín de las palabras","locations":{"cssSelector":"#chapter-1","progression":0,"position":1,"totalProgression":0},"text":{"highlight":"El jardín de las palabras 1"}}
10-08 22:23:09.734 17079 17079 I ReaderEvidence: VISIBLE {"href":"EPUB\/chapter1.xhtml","type":"application\/xhtml+xml","title":"El jardín de las palabras","locations":{"cssSelector":"#chapter-1","progression":0,"position":1,"totalProgression":0},"text":{"highlight":"El jardín de las palabras 1"}}
10-08 22:23:09.735 17079 17079 I ReaderEvidence: ANNOTATION_RENDERED []
10-08 22:23:10.768 17079 17079 I ReaderEvidence: COMMITTED {"href":"EPUB\/chapter1.xhtml","type":"application\/xhtml+xml","title":"El jardín de las palabras","locations":{"cssSelector":"#chapter-1","progression":0,"position":1,"totalProgression":0},"text":{"highlight":"El jardín de las palabras 1"}}
10-08 22:23:11.689 17079 17079 I ReaderEvidence: ANNOTATION_RENDERED []
10-08 22:23:11.929 17079 17079 I ReaderEvidence: REFLOW anchor={"href":"EPUB\/chapter1.xhtml","type":"application\/xhtml+xml","title":"El jardín de las palabras","locations":{"cssSelector":"#chapter-1","progression":0,"position":1,"totalProgression":0},"text":{"highlight":"El jardín de las palabras 1"}}
10-08 22:23:12.191 17079 17079 I ReaderEvidence: VISIBLE {"href":"EPUB\/chapter1.xhtml","type":"application\/xhtml+xml","title":"El jardín de las palabras","locations":{"cssSelector":"#chapter-1","progression":0,"position":1,"totalProgression":0},"text":{"highlight":"El jardín de las palabras 1"}}
10-08 22:23:12.193 17079 17079 I ReaderEvidence: ANNOTATION_RENDERED []
10-08 22:23:22.297 17079 17079 I ReaderEvidence: VISIBLE {"href":"EPUB\/chapter1.xhtml","type":"application\/xhtml+xml","title":"El jardín de las palabras","locations":{"cssSelector":"#p-1-01","progression":0.0666748981355723,"position":1,"totalProgression":0},"text":{"highlight":"Pasaje 1.01: La viajera mira el jardín. Una canción recuerda el árbol, mientras los niños caminan entre flores. Cada palabra tiene su lugar en esta historia."}}
10-08 22:23:22.298 17079 17079 I ReaderEvidence: ANNOTATION_RENDERED []
10-08 22:23:22.299 17079 17079 I ReaderEvidence: COMMITTED {"href":"EPUB\/chapter1.xhtml","type":"application\/xhtml+xml","title":"El jardín de las palabras","locations":{"cssSelector":"#p-1-01","progression":0.0666748981355723,"position":1,"totalProgression":0},"text":{"highlight":"Pasaje 1.01: La viajera mira el jardín. Una canción recuerda el árbol, mientras los niños caminan entre flores. Cada palabra tiene su lugar en esta historia."}}
10-08 22:23:34.560 17079 17079 I ReaderEvidence: SELECTION {"href":"EPUB\/chapter1.xhtml","type":"application\/xhtml+xml","title":"El jardín de las palabras","locations":{"progression":0.0666748981355723,"position":1,"totalProgression":0},"text":{"before":"jardín de las palabras 1Árbol, canción y corazón. Espero que estas palabras no afecten la lectura.Ir al segundo capítulo [2].Pasaje 1.01: La viajera mira el jardín. Una ","highlight":"canción","after":" recuerda el árbol, mientras los niños caminan entre flores. Cada palabra tiene su lugar en esta historia.Pasaje 1.02: La viajera mira el jardín. Una canción recuerda el árbol, mientras los niños"}}
10-08 22:23:34.794 17079 17079 I ReaderEvidence: LOOKUP selected=canción source=es target=es headword=canción kind=Exact match elapsedMs=233
10-08 22:24:19.035 17079 17079 I ReaderEvidence: SELECTION {"href":"EPUB\/chapter1.xhtml","type":"application\/xhtml+xml","title":"El jardín de las palabras","locations":{"progression":0.0666748981355723,"position":1,"totalProgression":0},"text":{"before":"jardín de las palabras 1Árbol, canción y corazón. Espero que estas palabras no afecten la lectura.Ir al segundo capítulo [2].Pasaje 1.01: La viajera mira el jardín. Una ","highlight":"canción recuerda el árbol, mientras los niños caminan entre","after":" flores. Cada palabra tiene su lugar en esta historia.Pasaje 1.02: La viajera mira el jardín. Una canción recuerda el árbol, mientras los niños caminan entre flores. Cada palabra tiene su lugar en"}}
10-08 22:24:19.037 17079 17079 I ReaderEvidence: SELECTION {"href":"EPUB\/chapter1.xhtml","type":"application\/xhtml+xml","title":"El jardín de las palabras","locations":{"progression":0.0666748981355723,"position":1,"totalProgression":0},"text":{"before":"jardín de las palabras 1Árbol, canción y corazón. Espero que estas palabras no afecten la lectura.Ir al segundo capítulo [2].Pasaje 1.01: La viajera mira el jardín. Una ","highlight":"canción recuerda el árbol, mientras los niños caminan entre","after":" flores. Cada palabra tiene su lugar en esta historia.Pasaje 1.02: La viajera mira el jardín. Una canción recuerda el árbol, mientras los niños caminan entre flores. Cada palabra tiene su lugar en"}}
10-08 22:24:19.398 17079 17079 I ReaderEvidence: LOOKUP selected=canción recuerda el árbol, mientras los niños caminan entre source=es target=es headword=null kind=No entry. No supported package base form. elapsedMs=360
10-08 22:24:19.398 17079 17079 I ReaderEvidence: LOOKUP selected=canción recuerda el árbol, mientras los niños caminan entre source=es target=es headword=null kind=No entry. No supported package base form. elapsedMs=362
10-08 22:24:39.090 17079 17079 I ReaderEvidence: SELECTION {"href":"EPUB\/chapter1.xhtml","type":"application\/xhtml+xml","title":"El jardín de las palabras","locations":{"progression":0.0666748981355723,"position":1,"totalProgression":0},"text":{"before":"jardín de las palabras 1Árbol, canción y corazón. Espero que estas palabras no afecten la lectura.Ir al segundo capítulo [2].Pasaje 1.01: La viajera mira el jardín. Una ","highlight":"canción recuerda el árbol, mientras los niños caminan entre","after":" flores. Cada palabra tiene su lugar en esta historia.Pasaje 1.02: La viajera mira el jardín. Una canción recuerda el árbol, mientras los niños caminan entre flores. Cada palabra tiene su lugar en"}}
10-08 22:24:44.668 17079 17079 I ReaderEvidence: ANNOTATION_SAVED id=acefd6e8-92f7-43d1-b2f5-a97fe34601b8 kind=passage color=Yellow note= range={"href":"EPUB\/chapter1.xhtml","type":"application\/xhtml+xml","title":"El jardín de las palabras","locations":{"progression":0.0666748981355723,"position":1,"totalProgression":0},"text":{"before":"jardín de las palabras 1Árbol, canción y corazón. Espero que estas palabras no afecten la lectura.Ir al segundo capítulo [2].Pasaje 1.01: La viajera mira el jardín. Una ","highlight":"canción recuerda el árbol, mientras los niños caminan entre","after":" flores. Cada palabra tiene su lugar en esta historia.Pasaje 1.02: La viajera mira el jardín. Una canción recuerda el árbol, mientras los niños caminan entre flores. Cada palabra tiene su lugar en"}}
10-08 22:24:45.031 17079 17079 I ReaderEvidence: ANNOTATION_RENDERED [{"boxes":3,"endElement":"p-1-01","endOffset":103,"id":"acefd6e8-92f7-43d1-b2f5-a97fe34601b8","startElement":"p-1-01","startOffset":44,"text":"canción recuerda el árbol, mientras los niños caminan entre"}]
10-08 22:24:45.032 17079 17079 I ReaderEvidence: ANNOTATION_RESTORED id=acefd6e8-92f7-43d1-b2f5-a97fe34601b8 kind=passage color=Yellow note= range={"href":"EPUB\/chapter1.xhtml","type":"application\/xhtml+xml","title":"El jardín de las palabras","locations":{"progression":0.0666748981355723,"position":1,"totalProgression":0},"text":{"before":"jardín de las palabras 1Árbol, canción y corazón. Espero que estas palabras no afecten la lectura.Ir al segundo capítulo [2].Pasaje 1.01: La viajera mira el jardín. Una ","highlight":"canción recuerda el árbol, mientras los niños caminan entre","after":" flores. Cada palabra tiene su lugar en esta historia.Pasaje 1.02: La viajera mira el jardín. Una canción recuerda el árbol, mientras los niños caminan entre flores. Cada palabra tiene su lugar en"}}
10-08 22:24:49.062 17079 17079 I ReaderEvidence: VISIBLE {"href":"EPUB\/chapter1.xhtml","type":"application\/xhtml+xml","title":"El jardín de las palabras","locations":{"cssSelector":"#p-1-03","progression":0.1333497962711446,"position":1,"totalProgression":0},"text":{"highlight":"Pasaje 1.03: La viajera mira el jardín. Una canción recuerda el árbol, mientras los niños caminan entre flores. Cada palabra tiene su lugar en esta historia."}}
10-08 22:24:49.064 17079 17079 I ReaderEvidence: ANNOTATION_RENDERED [{"boxes":3,"endElement":"p-1-01","endOffset":103,"id":"acefd6e8-92f7-43d1-b2f5-a97fe34601b8","startElement":"p-1-01","startOffset":44,"text":"canción recuerda el árbol, mientras los niños caminan entre"}]
10-08 22:24:49.065 17079 17079 I ReaderEvidence: COMMITTED {"href":"EPUB\/chapter1.xhtml","type":"application\/xhtml+xml","title":"El jardín de las palabras","locations":{"cssSelector":"#p-1-03","progression":0.1333497962711446,"position":1,"totalProgression":0},"text":{"highlight":"Pasaje 1.03: La viajera mira el jardín. Una canción recuerda el árbol, mientras los niños caminan entre flores. Cada palabra tiene su lugar en esta historia."}}
10-08 22:24:50.343 17079 17079 I ReaderEvidence: VISIBLE {"href":"EPUB\/chapter1.xhtml","type":"application\/xhtml+xml","title":"El jardín de las palabras","locations":{"cssSelector":"#p-1-04","progression":0.20002469440671689,"position":1,"totalProgression":0},"text":{"highlight":"Pasaje 1.04: La viajera mira el jardín. Una canción recuerda el árbol, mientras los niños caminan entre flores. Cada palabra tiene su lugar en esta historia."}}
10-08 22:24:50.344 17079 17079 I ReaderEvidence: ANNOTATION_RENDERED [{"boxes":3,"endElement":"p-1-01","endOffset":103,"id":"acefd6e8-92f7-43d1-b2f5-a97fe34601b8","startElement":"p-1-01","startOffset":44,"text":"canción recuerda el árbol, mientras los niños caminan entre"}]
10-08 22:24:50.345 17079 17079 I ReaderEvidence: COMMITTED {"href":"EPUB\/chapter1.xhtml","type":"application\/xhtml+xml","title":"El jardín de las palabras","locations":{"cssSelector":"#p-1-04","progression":0.20002469440671689,"position":1,"totalProgression":0},"text":{"highlight":"Pasaje 1.04: La viajera mira el jardín. Una canción recuerda el árbol, mientras los niños caminan entre flores. Cada palabra tiene su lugar en esta historia."}}
10-08 22:25:05.869 17079 17079 I ReaderEvidence: SELECTION {"href":"EPUB\/chapter1.xhtml","type":"application\/xhtml+xml","title":"El jardín de las palabras","locations":{"progression":0.20002469440671689,"position":1,"totalProgression":0},"text":{"before":"Una canción recuerda el árbol, mientras los niños caminan entre flores. Cada palabra tiene su lugar en esta historia.Pasaje 1.06: La viajera mira el jardín. Una canción recuerda el árbol, mientras ","highlight":"los","after":" niños caminan entre flores. Cada palabra tiene su lugar en esta historia.Pasaje 1.07: La viajera mira el jardín. Una canción recuerda el árbol, mientras los niños caminan entre flores. Cada palabra"}}
10-08 22:25:06.105 17079 17079 I ReaderEvidence: LOOKUP selected=los source=es target=es headword=los kind=Exact match elapsedMs=234
10-08 22:25:20.018 17079 17079 I ReaderEvidence: SELECTION {"href":"EPUB\/chapter1.xhtml","type":"application\/xhtml+xml","title":"El jardín de las palabras","locations":{"progression":0.20002469440671689,"position":1,"totalProgression":0},"text":{"before":"Una canción recuerda el árbol, mientras los niños caminan entre flores. Cada palabra tiene su lugar en esta historia.Pasaje 1.06: La viajera mira el jardín. Una canción recuerda el árbol, mientras ","highlight":"los","after":" niños caminan entre flores. Cada palabra tiene su lugar en esta historia.Pasaje 1.07: La viajera mira el jardín. Una canción recuerda el árbol, mientras los niños caminan entre flores. Cada palabra"}}
10-08 22:25:20.133 17079 17079 I ReaderEvidence: LOOKUP selected=los source=es target=es headword=los kind=Exact match elapsedMs=113
10-08 22:25:28.681 17079 17079 I ReaderEvidence: SELECTION {"href":"EPUB\/chapter1.xhtml","type":"application\/xhtml+xml","title":"El jardín de las palabras","locations":{"progression":0.20002469440671689,"position":1,"totalProgression":0},"text":{"before":"Una canción recuerda el árbol, mientras los niños caminan entre flores. Cada palabra tiene su lugar en esta historia.Pasaje 1.06: La viajera mira el jardín. Una canción recuerda el árbol, mientras ","highlight":"los","after":" niños caminan entre flores. Cada palabra tiene su lugar en esta historia.Pasaje 1.07: La viajera mira el jardín. Una canción recuerda el árbol, mientras los niños caminan entre flores. Cada palabra"}}
10-08 22:25:33.329 17079 17079 I ReaderEvidence: VISIBLE {"href":"EPUB\/chapter1.xhtml","type":"application\/xhtml+xml","title":"El jardín de las palabras","locations":{"cssSelector":"#p-1-06","progression":0.2666995925422892,"position":1,"totalProgression":0},"text":{"highlight":"Pasaje 1.06: La viajera mira el jardín. Una canción recuerda el árbol, mientras los niños caminan entre flores. Cada palabra tiene su lugar en esta historia."}}
10-08 22:25:33.331 17079 17079 I ReaderEvidence: ANNOTATION_RENDERED [{"boxes":3,"endElement":"p-1-01","endOffset":103,"id":"acefd6e8-92f7-43d1-b2f5-a97fe34601b8","startElement":"p-1-01","startOffset":44,"text":"canción recuerda el árbol, mientras los niños caminan entre"}]
10-08 22:25:33.332 17079 17079 I ReaderEvidence: COMMITTED {"href":"EPUB\/chapter1.xhtml","type":"application\/xhtml+xml","title":"El jardín de las palabras","locations":{"cssSelector":"#p-1-06","progression":0.2666995925422892,"position":1,"totalProgression":0},"text":{"highlight":"Pasaje 1.06: La viajera mira el jardín. Una canción recuerda el árbol, mientras los niños caminan entre flores. Cada palabra tiene su lugar en esta historia."}}
10-08 22:26:10.980 17079 17079 I ReaderEvidence: COMMITTED {"href":"EPUB\/chapter1.xhtml","type":"application\/xhtml+xml","title":"El jardín de las palabras","locations":{"cssSelector":"#p-1-06","progression":0.2666995925422892,"position":1,"totalProgression":0},"text":{"highlight":"Pasaje 1.06: La viajera mira el jardín. Una canción recuerda el árbol, mientras los niños caminan entre flores. Cada palabra tiene su lugar en esta historia."}}
10-08 22:26:11.891 17079 17079 I ReaderEvidence: ANNOTATION_RENDERED [{"boxes":3,"endElement":"p-1-01","endOffset":103,"id":"acefd6e8-92f7-43d1-b2f5-a97fe34601b8","startElement":"p-1-01","startOffset":44,"text":"canción recuerda el árbol, mientras los niños caminan entre"}]
10-08 22:26:11.891 17079 17079 I ReaderEvidence: ANNOTATION_RESTORED id=acefd6e8-92f7-43d1-b2f5-a97fe34601b8 kind=passage color=Yellow note= range={"href":"EPUB\/chapter1.xhtml","type":"application\/xhtml+xml","title":"El jardín de las palabras","locations":{"progression":0.0666748981355723,"position":1,"totalProgression":0},"text":{"before":"jardín de las palabras 1Árbol, canción y corazón. Espero que estas palabras no afecten la lectura.Ir al segundo capítulo [2].Pasaje 1.01: La viajera mira el jardín. Una ","highlight":"canción recuerda el árbol, mientras los niños caminan entre","after":" flores. Cada palabra tiene su lugar en esta historia.Pasaje 1.02: La viajera mira el jardín. Una canción recuerda el árbol, mientras los niños caminan entre flores. Cada palabra tiene su lugar en"}}
10-08 22:26:12.036 17079 17079 I ReaderEvidence: REFLOW anchor={"href":"EPUB\/chapter1.xhtml","type":"application\/xhtml+xml","title":"El jardín de las palabras","locations":{"cssSelector":"#p-1-06","progression":0.2666995925422892,"position":1,"totalProgression":0},"text":{"highlight":"Pasaje 1.06: La viajera mira el jardín. Una canción recuerda el árbol, mientras los niños caminan entre flores. Cada palabra tiene su lugar en esta historia."}}
10-08 22:26:12.352 17079 17079 I ReaderEvidence: VISIBLE {"href":"EPUB\/chapter1.xhtml","type":"application\/xhtml+xml","title":"El jardín de las palabras","locations":{"cssSelector":"#p-1-06","progression":0.2308021085624733,"position":1,"totalProgression":0},"text":{"highlight":"Pasaje 1.06: La viajera mira el jardín. Una canción recuerda el árbol, mientras los niños caminan entre flores. Cada palabra tiene su lugar en esta historia."}}
10-08 22:26:12.353 17079 17079 I ReaderEvidence: ANNOTATION_RENDERED [{"boxes":3,"endElement":"p-1-01","endOffset":103,"id":"acefd6e8-92f7-43d1-b2f5-a97fe34601b8","startElement":"p-1-01","startOffset":44,"text":"canción recuerda el árbol, mientras los niños caminan entre"}]
10-08 22:26:13.704 17079 17079 I ReaderEvidence: COMMITTED {"href":"EPUB\/chapter1.xhtml","type":"application\/xhtml+xml","title":"El jardín de las palabras","locations":{"cssSelector":"#p-1-06","progression":0.2666995925422892,"position":1,"totalProgression":0},"text":{"highlight":"Pasaje 1.06: La viajera mira el jardín. Una canción recuerda el árbol, mientras los niños caminan entre flores. Cada palabra tiene su lugar en esta historia."}}
10-08 22:26:14.768 17079 17079 I ReaderEvidence: ANNOTATION_RENDERED [{"boxes":3,"endElement":"p-1-01","endOffset":103,"id":"acefd6e8-92f7-43d1-b2f5-a97fe34601b8","startElement":"p-1-01","startOffset":44,"text":"canción recuerda el árbol, mientras los niños caminan entre"}]
10-08 22:26:14.769 17079 17079 I ReaderEvidence: ANNOTATION_RESTORED id=acefd6e8-92f7-43d1-b2f5-a97fe34601b8 kind=passage color=Yellow note= range={"href":"EPUB\/chapter1.xhtml","type":"application\/xhtml+xml","title":"El jardín de las palabras","locations":{"progression":0.0666748981355723,"position":1,"totalProgression":0},"text":{"before":"jardín de las palabras 1Árbol, canción y corazón. Espero que estas palabras no afecten la lectura.Ir al segundo capítulo [2].Pasaje 1.01: La viajera mira el jardín. Una ","highlight":"canción recuerda el árbol, mientras los niños caminan entre","after":" flores. Cada palabra tiene su lugar en esta historia.Pasaje 1.02: La viajera mira el jardín. Una canción recuerda el árbol, mientras los niños caminan entre flores. Cada palabra tiene su lugar en"}}
10-08 22:26:14.871 17079 17079 I ReaderEvidence: REFLOW anchor={"href":"EPUB\/chapter1.xhtml","type":"application\/xhtml+xml","title":"El jardín de las palabras","locations":{"cssSelector":"#p-1-06","progression":0.2666995925422892,"position":1,"totalProgression":0},"text":{"highlight":"Pasaje 1.06: La viajera mira el jardín. Una canción recuerda el árbol, mientras los niños caminan entre flores. Cada palabra tiene su lugar en esta historia."}}
10-08 22:26:15.279 17079 17079 I ReaderEvidence: VISIBLE {"href":"EPUB\/chapter1.xhtml","type":"application\/xhtml+xml","title":"El jardín de las palabras","locations":{"cssSelector":"#p-1-05","progression":0.20003704389701796,"position":1,"totalProgression":0},"text":{"highlight":"Pasaje 1.05: La viajera mira el jardín. Una canción recuerda el árbol, mientras los niños caminan entre flores. Cada palabra tiene su lugar en esta historia."}}
10-08 22:26:15.279 17079 17079 I ReaderEvidence: ANNOTATION_RENDERED [{"boxes":3,"endElement":"p-1-01","endOffset":103,"id":"acefd6e8-92f7-43d1-b2f5-a97fe34601b8","startElement":"p-1-01","startOffset":44,"text":"canción recuerda el árbol, mientras los niños caminan entre"}]
10-08 22:26:16.164 17079 17079 I ReaderEvidence: COMMITTED {"href":"EPUB\/chapter1.xhtml","type":"application\/xhtml+xml","title":"El jardín de las palabras","locations":{"cssSelector":"#p-1-06","progression":0.2666995925422892,"position":1,"totalProgression":0},"text":{"highlight":"Pasaje 1.06: La viajera mira el jardín. Una canción recuerda el árbol, mientras los niños caminan entre flores. Cada palabra tiene su lugar en esta historia."}}
10-08 22:26:16.934 17079 17079 I ReaderEvidence: ANNOTATION_RENDERED [{"boxes":3,"endElement":"p-1-01","endOffset":103,"id":"acefd6e8-92f7-43d1-b2f5-a97fe34601b8","startElement":"p-1-01","startOffset":44,"text":"canción recuerda el árbol, mientras los niños caminan entre"}]
10-08 22:26:16.934 17079 17079 I ReaderEvidence: ANNOTATION_RESTORED id=acefd6e8-92f7-43d1-b2f5-a97fe34601b8 kind=passage color=Yellow note= range={"href":"EPUB\/chapter1.xhtml","type":"application\/xhtml+xml","title":"El jardín de las palabras","locations":{"progression":0.0666748981355723,"position":1,"totalProgression":0},"text":{"before":"jardín de las palabras 1Árbol, canción y corazón. Espero que estas palabras no afecten la lectura.Ir al segundo capítulo [2].Pasaje 1.01: La viajera mira el jardín. Una ","highlight":"canción recuerda el árbol, mientras los niños caminan entre","after":" flores. Cada palabra tiene su lugar en esta historia.Pasaje 1.02: La viajera mira el jardín. Una canción recuerda el árbol, mientras los niños caminan entre flores. Cada palabra tiene su lugar en"}}
10-08 22:26:17.212 17079 17079 I ReaderEvidence: REFLOW anchor={"href":"EPUB\/chapter1.xhtml","type":"application\/xhtml+xml","title":"El jardín de las palabras","locations":{"cssSelector":"#p-1-06","progression":0.2666995925422892,"position":1,"totalProgression":0},"text":{"highlight":"Pasaje 1.06: La viajera mira el jardín. Una canción recuerda el árbol, mientras los niños caminan entre flores. Cada palabra tiene su lugar en esta historia."}}
10-08 22:26:17.558 17079 17079 I ReaderEvidence: VISIBLE {"href":"EPUB\/chapter1.xhtml","type":"application\/xhtml+xml","title":"El jardín de las palabras","locations":{"cssSelector":"#p-1-03","progression":0.12502894188469554,"position":1,"totalProgression":0},"text":{"highlight":"Pasaje 1.03: La viajera mira el jardín. Una canción recuerda el árbol, mientras los niños caminan entre flores. Cada palabra tiene su lugar en esta historia."}}
10-08 22:26:17.559 17079 17079 I ReaderEvidence: ANNOTATION_RENDERED [{"boxes":3,"endElement":"p-1-01","endOffset":103,"id":"acefd6e8-92f7-43d1-b2f5-a97fe34601b8","startElement":"p-1-01","startOffset":44,"text":"canción recuerda el árbol, mientras los niños caminan entre"}]
10-08 22:26:18.461 17079 17079 I ReaderEvidence: COMMITTED {"href":"EPUB\/chapter1.xhtml","type":"application\/xhtml+xml","title":"El jardín de las palabras","locations":{"cssSelector":"#p-1-06","progression":0.2666995925422892,"position":1,"totalProgression":0},"text":{"highlight":"Pasaje 1.06: La viajera mira el jardín. Una canción recuerda el árbol, mientras los niños caminan entre flores. Cada palabra tiene su lugar en esta historia."}}
10-08 22:26:19.143 17079 17079 I ReaderEvidence: ANNOTATION_RENDERED [{"boxes":2,"endElement":"p-1-01","endOffset":103,"id":"acefd6e8-92f7-43d1-b2f5-a97fe34601b8","startElement":"p-1-01","startOffset":44,"text":"canción recuerda el árbol, mientras los niños caminan entre"}]
10-08 22:26:19.143 17079 17079 I ReaderEvidence: ANNOTATION_RESTORED id=acefd6e8-92f7-43d1-b2f5-a97fe34601b8 kind=passage color=Yellow note= range={"href":"EPUB\/chapter1.xhtml","type":"application\/xhtml+xml","title":"El jardín de las palabras","locations":{"progression":0.0666748981355723,"position":1,"totalProgression":0},"text":{"before":"jardín de las palabras 1Árbol, canción y corazón. Espero que estas palabras no afecten la lectura.Ir al segundo capítulo [2].Pasaje 1.01: La viajera mira el jardín. Una ","highlight":"canción recuerda el árbol, mientras los niños caminan entre","after":" flores. Cada palabra tiene su lugar en esta historia.Pasaje 1.02: La viajera mira el jardín. Una canción recuerda el árbol, mientras los niños caminan entre flores. Cada palabra tiene su lugar en"}}
10-08 22:26:19.362 17079 17079 I ReaderEvidence: REFLOW anchor={"href":"EPUB\/chapter1.xhtml","type":"application\/xhtml+xml","title":"El jardín de las palabras","locations":{"cssSelector":"#p-1-06","progression":0.2666995925422892,"position":1,"totalProgression":0},"text":{"highlight":"Pasaje 1.06: La viajera mira el jardín. Una canción recuerda el árbol, mientras los niños caminan entre flores. Cada palabra tiene su lugar en esta historia."}}
10-08 22:26:19.601 17079 17079 I ReaderEvidence: VISIBLE {"href":"EPUB\/chapter1.xhtml","type":"application\/xhtml+xml","title":"El jardín de las palabras","locations":{"cssSelector":"#p-1-04","progression":0.16671812287743132,"position":1,"totalProgression":0},"text":{"highlight":"Pasaje 1.04: La viajera mira el jardín. Una canción recuerda el árbol, mientras los niños caminan entre flores. Cada palabra tiene su lugar en esta historia."}}
10-08 22:26:19.603 17079 17079 I ReaderEvidence: ANNOTATION_RENDERED [{"boxes":2,"endElement":"p-1-01","endOffset":103,"id":"acefd6e8-92f7-43d1-b2f5-a97fe34601b8","startElement":"p-1-01","startOffset":44,"text":"canción recuerda el árbol, mientras los niños caminan entre"}]
10-08 22:26:22.908 17079 17079 I ReaderEvidence: ANNOTATION_RENDERED []
10-08 22:26:23.556 17079 17079 I ReaderEvidence: ANNOTATION_RENDERED []
10-08 22:26:23.561 17079 17079 I ReaderEvidence: SLIDER_STATE return=null positions=300
10-08 22:26:23.905 17079 17079 I ReaderEvidence: VISIBLE {"href":"EPUB\/source.xhtml","type":"application\/xhtml+xml","title":"Source","locations":{"cssSelector":"#source-heading","progression":0,"position":1,"totalProgression":0},"text":{"highlight":"GENERIC SOURCE"}}
10-08 22:26:23.905 17079 17079 I ReaderEvidence: ANNOTATION_RENDERED []
10-08 22:26:23.906 17079 17079 I ReaderEvidence: COMMITTED {"href":"EPUB\/source.xhtml","type":"application\/xhtml+xml","title":"Source","locations":{"cssSelector":"#source-heading","progression":0,"position":1,"totalProgression":0},"text":{"highlight":"GENERIC SOURCE"}}
10-08 22:26:38.439 17079 17079 I ReaderEvidence: BOOK_NOTE_OPEN target=EPUB/notes/endnotes.xhtml#endnote-1 displayed={"href":"EPUB\/source.xhtml","type":"application\/xhtml+xml","title":"Source","locations":{"cssSelector":"#source-heading","progression":0,"position":1,"totalProgression":0},"text":{"highlight":"GENERIC SOURCE"}} sourceTarget=EPUB/source.xhtml#generic-ref committed={"href":"EPUB\/source.xhtml","type":"application\/xhtml+xml","title":"Source","locations":{"cssSelector":"#source-heading","progression":0,"position":1,"totalProgression":0},"text":{"highlight":"GENERIC SOURCE"}}
10-08 22:26:38.714 17079 17137 I ReaderEvidence: NOTE_RESOURCE path=EPUB/images/note.png bytes=312
10-08 22:26:39.404 17079 17137 I ReaderEvidence: NOTE_RESOURCE path=favicon.ico bytes=0
10-08 22:26:52.302 17079 17079 I ReaderEvidence: BOOK_NOTE_NESTED target=EPUB/notes/endnotes.xhtml#nested committed={"href":"EPUB\/source.xhtml","type":"application\/xhtml+xml","title":"Source","locations":{"cssSelector":"#source-heading","progression":0,"position":1,"totalProgression":0},"text":{"highlight":"GENERIC SOURCE"}}
10-08 22:26:52.304 17079 17137 I ReaderEvidence: NOTE_RESOURCE path=favicon.ico bytes=0
10-08 22:26:52.371 17079 17137 I ReaderEvidence: NOTE_RESOURCE path=EPUB/images/note.png bytes=312
10-08 22:26:52.463 17079 17137 I ReaderEvidence: NOTE_RESOURCE path=favicon.ico bytes=0
10-08 22:27:01.155 17079 17079 I ReaderEvidence: BOOK_NOTE_BACK target=EPUB/notes/endnotes.xhtml#endnote-1 committed={"href":"EPUB\/source.xhtml","type":"application\/xhtml+xml","title":"Source","locations":{"cssSelector":"#source-heading","progression":0,"position":1,"totalProgression":0},"text":{"highlight":"GENERIC SOURCE"}}
10-08 22:27:01.204 17079 17137 I ReaderEvidence: NOTE_RESOURCE path=EPUB/images/note.png bytes=312
10-08 22:27:01.239 17079 17137 I ReaderEvidence: NOTE_RESOURCE path=favicon.ico bytes=0
10-08 22:27:11.276 17079 17137 I ReaderEvidence: NOTE_RESOURCE path=favicon.ico bytes=0
10-08 22:27:11.276 17079 17079 I ReaderEvidence: BOOK_NOTE_NESTED target=EPUB/notes/endnotes.xhtml#nested committed={"href":"EPUB\/source.xhtml","type":"application\/xhtml+xml","title":"Source","locations":{"cssSelector":"#source-heading","progression":0,"position":1,"totalProgression":0},"text":{"highlight":"GENERIC SOURCE"}}
10-08 22:27:11.422 17079 17137 I ReaderEvidence: NOTE_RESOURCE path=EPUB/images/note.png bytes=312
10-08 22:27:11.598 17079 17137 I ReaderEvidence: NOTE_RESOURCE path=favicon.ico bytes=0
10-08 22:27:27.553 17079 17079 I ReaderEvidence: BOOK_NOTE_CLOSE target=EPUB/notes/endnotes.xhtml#nested source={"href":"EPUB\/source.xhtml","type":"application\/xhtml+xml","title":"Source","locations":{"cssSelector":"#source-heading","progression":0,"position":1,"totalProgression":0},"text":{"highlight":"GENERIC SOURCE"}}
10-08 22:27:27.555 17079 17137 I ReaderEvidence: NOTE_RESOURCE path=favicon.ico bytes=0
10-08 22:27:30.999 17079 17079 I ReaderEvidence: BOOK_NOTE_OPEN target=EPUB/notes/endnotes.xhtml#endnote-1 displayed={"href":"EPUB\/source.xhtml","type":"application\/xhtml+xml","title":"Source","locations":{"cssSelector":"#source-heading","progression":0,"position":1,"totalProgression":0},"text":{"highlight":"GENERIC SOURCE"}} sourceTarget=EPUB/source.xhtml#generic-ref committed={"href":"EPUB\/source.xhtml","type":"application\/xhtml+xml","title":"Source","locations":{"cssSelector":"#source-heading","progression":0,"position":1,"totalProgression":0},"text":{"highlight":"GENERIC SOURCE"}}
10-08 22:27:31.186 17079 17137 I ReaderEvidence: NOTE_RESOURCE path=EPUB/images/note.png bytes=312
10-08 22:27:31.963 17079 17137 I ReaderEvidence: NOTE_RESOURCE path=favicon.ico bytes=0
10-08 22:27:33.522 17079 17137 I ReaderEvidence: NOTE_RESOURCE path=favicon.ico bytes=0
10-08 22:27:33.525 17079 17079 I ReaderEvidence: BOOK_NOTE_NESTED target=EPUB/notes/endnotes.xhtml#nested committed={"href":"EPUB\/source.xhtml","type":"application\/xhtml+xml","title":"Source","locations":{"cssSelector":"#source-heading","progression":0,"position":1,"totalProgression":0},"text":{"highlight":"GENERIC SOURCE"}}
10-08 22:27:33.593 17079 17137 I ReaderEvidence: NOTE_RESOURCE path=EPUB/images/note.png bytes=312
10-08 22:27:33.635 17079 17137 I ReaderEvidence: NOTE_RESOURCE path=favicon.ico bytes=0
10-08 22:27:34.872 17079 17079 I ReaderEvidence: BOOK_NOTE_BACK target=EPUB/notes/endnotes.xhtml#endnote-1 committed={"href":"EPUB\/source.xhtml","type":"application\/xhtml+xml","title":"Source","locations":{"cssSelector":"#source-heading","progression":0,"position":1,"totalProgression":0},"text":{"highlight":"GENERIC SOURCE"}}
10-08 22:27:34.904 17079 17137 I ReaderEvidence: NOTE_RESOURCE path=EPUB/images/note.png bytes=312
10-08 22:27:34.915 17079 17137 I ReaderEvidence: NOTE_RESOURCE path=favicon.ico bytes=0
10-08 22:28:01.632 17079 17079 I ReaderEvidence: BOOK_NOTE_CLOSE target=EPUB/notes/endnotes.xhtml#endnote-1 source={"href":"EPUB\/source.xhtml","type":"application\/xhtml+xml","title":"Source","locations":{"cssSelector":"#source-heading","progression":0,"position":1,"totalProgression":0},"text":{"highlight":"GENERIC SOURCE"}}
10-08 22:28:02.959 17079 17079 I ReaderEvidence: BOOK_NOTE_OPEN target=EPUB/notes/endnotes.xhtml#role-note displayed={"href":"EPUB\/source.xhtml","type":"application\/xhtml+xml","title":"Source","locations":{"cssSelector":"#source-heading","progression":0,"position":1,"totalProgression":0},"text":{"highlight":"GENERIC SOURCE"}} sourceTarget=EPUB/source.xhtml#role-ref committed={"href":"EPUB\/source.xhtml","type":"application\/xhtml+xml","title":"Source","locations":{"cssSelector":"#source-heading","progression":0,"position":1,"totalProgression":0},"text":{"highlight":"GENERIC SOURCE"}}
10-08 22:28:03.209 17079 17137 I ReaderEvidence: NOTE_RESOURCE path=favicon.ico bytes=0
10-08 22:28:07.588 17079 17079 I ReaderEvidence: BOOK_NOTE_CLOSE target=EPUB/notes/endnotes.xhtml#role-note source={"href":"EPUB\/source.xhtml","type":"application\/xhtml+xml","title":"Source","locations":{"cssSelector":"#source-heading","progression":0,"position":1,"totalProgression":0},"text":{"highlight":"GENERIC SOURCE"}}
10-08 22:28:08.879 17079 17079 I ReaderEvidence: BOOK_NOTE_OPEN target=EPUB/notes/endnotes.xhtml#list-note displayed={"href":"EPUB\/source.xhtml","type":"application\/xhtml+xml","title":"Source","locations":{"cssSelector":"#source-heading","progression":0,"position":1,"totalProgression":0},"text":{"highlight":"GENERIC SOURCE"}} sourceTarget=EPUB/source.xhtml#list-ref committed={"href":"EPUB\/source.xhtml","type":"application\/xhtml+xml","title":"Source","locations":{"cssSelector":"#source-heading","progression":0,"position":1,"totalProgression":0},"text":{"highlight":"GENERIC SOURCE"}}
10-08 22:28:09.290 17079 17137 I ReaderEvidence: NOTE_RESOURCE path=favicon.ico bytes=0
10-08 22:28:22.494 17079 17079 I ReaderEvidence: BOOK_NOTE_CLOSE target=EPUB/notes/endnotes.xhtml#list-note source={"href":"EPUB\/source.xhtml","type":"application\/xhtml+xml","title":"Source","locations":{"cssSelector":"#source-heading","progression":0,"position":1,"totalProgression":0},"text":{"highlight":"GENERIC SOURCE"}}
10-08 22:28:23.600 17079 17079 I ReaderEvidence: BOOK_NOTE_OPEN target=EPUB/notes/endnotes.xhtml#marked-note displayed={"href":"EPUB\/source.xhtml","type":"application\/xhtml+xml","title":"Source","locations":{"cssSelector":"#source-heading","progression":0,"position":1,"totalProgression":0},"text":{"highlight":"GENERIC SOURCE"}} sourceTarget=EPUB/source.xhtml#marked-ref committed={"href":"EPUB\/source.xhtml","type":"application\/xhtml+xml","title":"Source","locations":{"cssSelector":"#source-heading","progression":0,"position":1,"totalProgression":0},"text":{"highlight":"GENERIC SOURCE"}}
10-08 22:28:23.866 17079 17137 I ReaderEvidence: NOTE_RESOURCE path=favicon.ico bytes=0
10-08 22:28:28.209 17079 17079 I ReaderEvidence: BOOK_NOTE_CLOSE target=EPUB/notes/endnotes.xhtml#marked-note source={"href":"EPUB\/source.xhtml","type":"application\/xhtml+xml","title":"Source","locations":{"cssSelector":"#source-heading","progression":0,"position":1,"totalProgression":0},"text":{"highlight":"GENERIC SOURCE"}}
10-08 22:28:29.572 17079 17079 I ReaderEvidence: BOOK_NOTE_OPEN target=EPUB/notes/endnotes.xhtml#endnote-1 displayed={"href":"EPUB\/source.xhtml","type":"application\/xhtml+xml","title":"Source","locations":{"cssSelector":"#source-heading","progression":0,"position":1,"totalProgression":0},"text":{"highlight":"GENERIC SOURCE"}} sourceTarget=EPUB/source.xhtml#generic-ref committed={"href":"EPUB\/source.xhtml","type":"application\/xhtml+xml","title":"Source","locations":{"cssSelector":"#source-heading","progression":0,"position":1,"totalProgression":0},"text":{"highlight":"GENERIC SOURCE"}}
10-08 22:28:29.784 17079 17137 I ReaderEvidence: NOTE_RESOURCE path=EPUB/images/note.png bytes=312
10-08 22:28:30.241 17079 17137 I ReaderEvidence: NOTE_RESOURCE path=favicon.ico bytes=0
10-08 22:28:32.093 17079 17079 I ReaderEvidence: BOOK_NOTE_NESTED target=EPUB/notes/endnotes.xhtml#nested committed={"href":"EPUB\/source.xhtml","type":"application\/xhtml+xml","title":"Source","locations":{"cssSelector":"#source-heading","progression":0,"position":1,"totalProgression":0},"text":{"highlight":"GENERIC SOURCE"}}
10-08 22:28:32.093 17079 17137 I ReaderEvidence: NOTE_RESOURCE path=favicon.ico bytes=0
10-08 22:28:32.236 17079 17137 I ReaderEvidence: NOTE_RESOURCE path=EPUB/images/note.png bytes=312
10-08 22:28:32.406 17079 17137 I ReaderEvidence: NOTE_RESOURCE path=favicon.ico bytes=0
10-08 22:28:38.109 20471 20471 I ReaderEvidence: ANNOTATION_RENDERED []
10-08 22:28:38.374 20471 20471 I ReaderEvidence: SLIDER_STATE return=null positions=300
10-08 22:28:38.660 20471 20471 I ReaderEvidence: VISIBLE {"href":"EPUB\/source.xhtml","type":"application\/xhtml+xml","title":"Source","locations":{"cssSelector":"#source-heading","progression":0,"position":1,"totalProgression":0},"text":{"highlight":"GENERIC SOURCE"}}
10-08 22:28:38.661 20471 20471 I ReaderEvidence: ANNOTATION_RENDERED []
10-08 22:28:46.792 20471 20471 I ReaderEvidence: ORDINARY_LINK target=EPUB/destination.xhtml#ordinary-destination
10-08 22:28:47.207 20471 20471 I ReaderEvidence: VISIBLE {"href":"EPUB\/destination.xhtml","type":"application\/xhtml+xml","title":"Destination","locations":{"cssSelector":"#ordinary-destination","progression":0,"position":2,"totalProgression":0.3333333333333333},"text":{"highlight":"ORDINARY DESTINATION"}}
10-08 22:28:47.207 20471 20471 I ReaderEvidence: ANNOTATION_RENDERED []
10-08 22:28:47.210 20471 20471 I ReaderEvidence: COMMITTED {"href":"EPUB\/destination.xhtml","type":"application\/xhtml+xml","title":"Destination","locations":{"cssSelector":"#ordinary-destination","progression":0,"position":2,"totalProgression":0.3333333333333333},"text":{"highlight":"ORDINARY DESTINATION"}}
10-08 22:28:57.084 20471 20471 I ReaderEvidence: ORDINARY_LINK target=EPUB/source.xhtml#source-passage
10-08 22:28:57.454 20471 20471 I ReaderEvidence: VISIBLE {"href":"EPUB\/source.xhtml","type":"application\/xhtml+xml","title":"Source","locations":{"cssSelector":"#source-heading","progression":0,"position":1,"totalProgression":0},"text":{"highlight":"GENERIC SOURCE"}}
10-08 22:28:57.455 20471 20471 I ReaderEvidence: ANNOTATION_RENDERED []
10-08 22:28:57.457 20471 20471 I ReaderEvidence: COMMITTED {"href":"EPUB\/source.xhtml","type":"application\/xhtml+xml","title":"Source","locations":{"cssSelector":"#source-heading","progression":0,"position":1,"totalProgression":0},"text":{"highlight":"GENERIC SOURCE"}}
10-08 22:29:09.926 20471 20471 I ReaderEvidence: SELECTION {"href":"EPUB\/source.xhtml","type":"application\/xhtml+xml","title":"Source","locations":{"progression":0,"position":1,"totalProgression":0},"text":{"before":"SOURCESOURCE STAYS HERE. The tree remembers its ","highlight":"roots","after":".[GENERIC ENDNOTE][ROLE ENDNOTE][ENDNOTES LIST][MARKED NOTE][ORDINARY CHAPTER][UNTYPED COMMENTARY"}}
10-08 22:29:10.282 20471 20471 I ReaderEvidence: LOOKUP selected=roots source=en target=en headword=null kind=No entry. No supported package base form. elapsedMs=353
10-08 22:29:31.999 21078 21078 I ReaderEvidence: ANNOTATION_RENDERED []
10-08 22:29:32.215 21078 21078 I ReaderEvidence: SLIDER_STATE return=null positions=300
10-08 22:29:32.510 21078 21078 I ReaderEvidence: VISIBLE {"href":"EPUB\/source.xhtml","type":"application\/xhtml+xml","title":"Source","locations":{"cssSelector":"#source-heading","progression":0,"position":1,"totalProgression":0},"text":{"highlight":"GENERIC SOURCE"}}
10-08 22:29:32.510 21078 21078 I ReaderEvidence: ANNOTATION_RENDERED []
10-08 22:30:03.557 21078 21078 I ReaderEvidence: ANNOTATION_RENDERED []
10-08 22:30:04.480 21078 21078 I ReaderEvidence: ANNOTATION_RENDERED []
10-08 22:30:04.500 21078 21078 I ReaderEvidence: SLIDER_STATE return=null positions=200
10-08 22:30:04.864 21078 21078 I ReaderEvidence: VISIBLE {"href":"EPUB\/destination.xhtml","type":"application\/xhtml+xml","title":"Destination","locations":{"cssSelector":"#ordinary-destination","progression":0,"position":2,"totalProgression":0.5},"text":{"highlight":"ORDINARY DESTINATION"}}
10-08 22:30:04.864 21078 21078 I ReaderEvidence: ANNOTATION_RENDERED []
10-08 22:30:16.645 21078 21078 I ReaderEvidence: ORDINARY_LINK target=EPUB/source.xhtml#source-passage
10-08 22:30:17.067 21078 21078 I ReaderEvidence: VISIBLE {"href":"EPUB\/source.xhtml","type":"application\/xhtml+xml","title":"Source","locations":{"cssSelector":"#source-heading","progression":0,"position":1,"totalProgression":0},"text":{"highlight":"Marked short footnote fixture"}}
10-08 22:30:17.067 21078 21078 I ReaderEvidence: ANNOTATION_RENDERED []
10-08 22:30:17.068 21078 21078 I ReaderEvidence: COMMITTED {"href":"EPUB\/source.xhtml","type":"application\/xhtml+xml","title":"Source","locations":{"cssSelector":"#source-heading","progression":0,"position":1,"totalProgression":0},"text":{"highlight":"Marked short footnote fixture"}}
10-08 22:30:27.971 21078 21078 I ReaderEvidence: BOOK_NOTE_OPEN target=EPUB/source.xhtml#note-short displayed={"href":"EPUB\/source.xhtml","type":"application\/xhtml+xml","title":"Source","locations":{"cssSelector":"#source-heading","progression":0,"position":1,"totalProgression":0},"text":{"highlight":"Marked short footnote fixture"}} sourceTarget=EPUB/source.xhtml#note-ref committed={"href":"EPUB\/source.xhtml","type":"application\/xhtml+xml","title":"Source","locations":{"cssSelector":"#source-heading","progression":0,"position":1,"totalProgression":0},"text":{"highlight":"Marked short footnote fixture"}}
10-08 22:30:29.126 21078 21155 I ReaderEvidence: NOTE_RESOURCE path=favicon.ico bytes=0
10-08 22:30:32.713 21078 21078 I ReaderEvidence: BOOK_NOTE_CLOSE target=EPUB/source.xhtml#note-short source={"href":"EPUB\/source.xhtml","type":"application\/xhtml+xml","title":"Source","locations":{"cssSelector":"#source-heading","progression":0,"position":1,"totalProgression":0},"text":{"highlight":"Marked short footnote fixture"}}
10-08 22:30:43.859 21078 21078 I ReaderEvidence: ANNOTATION_RENDERED []
10-08 22:30:44.470 21078 21078 I ReaderEvidence: ANNOTATION_RENDERED []
10-08 22:30:44.604 21078 21078 I ReaderEvidence: SLIDER_STATE return=null positions=200
10-08 22:30:44.860 21078 21078 I ReaderEvidence: VISIBLE {"href":"EPUB\/source.xhtml","type":"application\/xhtml+xml","title":"Source","locations":{"cssSelector":"#source-heading","progression":0,"position":1,"totalProgression":0},"text":{"highlight":"Marked long footnote fixture"}}
10-08 22:30:44.862 21078 21078 I ReaderEvidence: ANNOTATION_RENDERED []
10-08 22:30:55.404 21078 21078 I ReaderEvidence: BOOK_NOTE_OPEN target=EPUB/source.xhtml#note-long displayed={"href":"EPUB\/source.xhtml","type":"application\/xhtml+xml","title":"Source","locations":{"cssSelector":"#source-heading","progression":0,"position":1,"totalProgression":0},"text":{"highlight":"Marked long footnote fixture"}} sourceTarget=EPUB/source.xhtml#note-ref committed={"href":"EPUB\/source.xhtml","type":"application\/xhtml+xml","title":"Source","locations":{"cssSelector":"#source-heading","progression":0,"position":1,"totalProgression":0},"text":{"highlight":"Marked long footnote fixture"}}
10-08 22:30:55.920 21078 21155 I ReaderEvidence: NOTE_RESOURCE path=favicon.ico bytes=0
10-08 22:31:25.321 22141 22141 I ReaderEvidence: ANNOTATION_RENDERED []
10-08 22:31:25.632 22141 22141 I ReaderEvidence: SLIDER_STATE return=null positions=200
10-08 22:31:25.883 22141 22141 I ReaderEvidence: VISIBLE {"href":"EPUB\/source.xhtml","type":"application\/xhtml+xml","title":"Source","locations":{"cssSelector":"#source-heading","progression":0,"position":1,"totalProgression":0},"text":{"highlight":"Marked long footnote fixture"}}
10-08 22:31:25.885 22141 22141 I ReaderEvidence: ANNOTATION_RENDERED []
10-08 22:31:49.579 22141 22141 I ReaderEvidence: ANNOTATION_RENDERED [{"boxes":2,"endElement":"p-1-01","endOffset":103,"id":"acefd6e8-92f7-43d1-b2f5-a97fe34601b8","startElement":"p-1-01","startOffset":44,"text":"canción recuerda el árbol, mientras los niños caminan entre"}]
10-08 22:31:49.579 22141 22141 I ReaderEvidence: ANNOTATION_RESTORED id=acefd6e8-92f7-43d1-b2f5-a97fe34601b8 kind=passage color=Yellow note= range={"href":"EPUB\/chapter1.xhtml","type":"application\/xhtml+xml","title":"El jardín de las palabras","locations":{"progression":0.0666748981355723,"position":1,"totalProgression":0},"text":{"before":"jardín de las palabras 1Árbol, canción y corazón. Espero que estas palabras no afecten la lectura.Ir al segundo capítulo [2].Pasaje 1.01: La viajera mira el jardín. Una ","highlight":"canción recuerda el árbol, mientras los niños caminan entre","after":" flores. Cada palabra tiene su lugar en esta historia.Pasaje 1.02: La viajera mira el jardín. Una canción recuerda el árbol, mientras los niños caminan entre flores. Cada palabra tiene su lugar en"}}
10-08 22:31:49.908 22141 22141 I ReaderEvidence: SLIDER_STATE return={"href":"EPUB\/chapter2.xhtml","type":"application\/xhtml+xml","title":"Chapter 2","locations":{"cssSelector":"#chapter-2","progression":0,"position":2,"totalProgression":0.5},"text":{"highlight":"El jardín de las palabras 2"}} positions=200
10-08 22:31:50.157 22141 22141 I ReaderEvidence: VISIBLE {"href":"EPUB\/chapter1.xhtml","type":"application\/xhtml+xml","title":"El jardín de las palabras","locations":{"cssSelector":"#p-1-04","progression":0.16671812287743132,"position":1,"totalProgression":0},"text":{"highlight":"Pasaje 1.04: La viajera mira el jardín. Una canción recuerda el árbol, mientras los niños caminan entre flores. Cada palabra tiene su lugar en esta historia."}}
10-08 22:31:50.157 22141 22141 I ReaderEvidence: ANNOTATION_RENDERED [{"boxes":2,"endElement":"p-1-01","endOffset":103,"id":"acefd6e8-92f7-43d1-b2f5-a97fe34601b8","startElement":"p-1-01","startOffset":44,"text":"canción recuerda el árbol, mientras los niños caminan entre"}]
10-08 22:32:29.225 22141 22141 I ReaderEvidence: SLIDER_BEGIN source={"href":"EPUB\/chapter1.xhtml","type":"application\/xhtml+xml","title":"El jardín de las palabras","locations":{"cssSelector":"#p-1-06","progression":0.2666995925422892,"position":1,"totalProgression":0},"text":{"highlight":"Pasaje 1.06: La viajera mira el jardín. Una canción recuerda el árbol, mientras los niños caminan entre flores. Cada palabra tiene su lugar en esta historia."}}
10-08 22:32:29.366 22141 22141 I ReaderEvidence: PREVIEW_WAIT requested={"href":"EPUB\/chapter2.xhtml","type":"application\/xhtml+xml","locations":{"progression":0.27,"totalProgression":0.635}} current={"href":"EPUB\/chapter2.xhtml","type":"application\/xhtml+xml","title":"Chapter 2","locations":{"progression":0.33343624575486264,"position":2,"totalProgression":0.5}} viewport={"offset":411.4285583496094,"viewport":412,"width":2468}
10-08 22:32:29.601 22141 22141 I ReaderEvidence: PREVIEW_WAIT requested={"href":"EPUB\/chapter2.xhtml","type":"application\/xhtml+xml","locations":{"progression":0.27,"totalProgression":0.635}} current={"href":"EPUB\/chapter2.xhtml","type":"application\/xhtml+xml","title":"Chapter 2","locations":{"progression":0.16671812287743132,"position":2,"totalProgression":0.5}} viewport={"offset":411.4285583496094,"viewport":412,"width":2468}
10-08 22:32:29.704 22141 22141 I ReaderEvidence: PREVIEW_WAIT requested={"href":"EPUB\/chapter2.xhtml","type":"application\/xhtml+xml","locations":{"progression":0.27,"totalProgression":0.635}} current={"href":"EPUB\/chapter2.xhtml","type":"application\/xhtml+xml","title":"Chapter 2","locations":{"progression":0.16671812287743132,"position":2,"totalProgression":0.5}} viewport={"offset":411.4285583496094,"viewport":412,"width":2468}
10-08 22:32:29.807 22141 22141 I ReaderEvidence: PREVIEW_SETTLED requested={"href":"EPUB\/chapter2.xhtml","type":"application\/xhtml+xml","locations":{"progression":0.27,"totalProgression":0.635}} viewport={"offset":411.4285583496094,"viewport":412,"width":2468} rendered={"href":"EPUB\/chapter2.xhtml","type":"application\/xhtml+xml","locations":{"cssSelector":"#p-2-04"},"text":{"highlight":"Pasaje 2.04: La viajera mira el jardín. Una canción recuerda el árbol, mientras los niños caminan entre flores. Cada palabra tiene su lugar en esta historia."}}
10-08 22:32:29.807 22141 22141 I ReaderEvidence: SLIDER_PREVIEW requested={"href":"EPUB\/chapter2.xhtml","type":"application\/xhtml+xml","locations":{"progression":0.27,"totalProgression":0.635}} visible={"href":"EPUB\/chapter1.xhtml","type":"application\/xhtml+xml","title":"El jardín de las palabras","locations":{"cssSelector":"#p-1-04","progression":0.16671812287743132,"position":1,"totalProgression":0},"text":{"highlight":"Pasaje 1.04: La viajera mira el jardín. Una canción recuerda el árbol, mientras los niños caminan entre flores. Cada palabra tiene su lugar en esta historia."}}
10-08 22:32:29.848 22141 22141 I ReaderEvidence: VISIBLE {"href":"EPUB\/chapter2.xhtml","type":"application\/xhtml+xml","title":"Chapter 2","locations":{"cssSelector":"#p-2-04","progression":0.16671812287743132,"position":2,"totalProgression":0.5},"text":{"highlight":"Pasaje 2.04: La viajera mira el jardín. Una canción recuerda el árbol, mientras los niños caminan entre flores. Cada palabra tiene su lugar en esta historia."}}
10-08 22:32:29.848 22141 22141 I ReaderEvidence: ANNOTATION_RENDERED []
10-08 22:32:31.656 22141 22141 I ReaderEvidence: PREVIEW_WAIT requested={"href":"EPUB\/chapter1.xhtml","type":"application\/xhtml+xml","locations":{"progression":0.83,"totalProgression":0.415}} current={"href":"EPUB\/chapter1.xhtml","type":"application\/xhtml+xml","title":"El jardín de las palabras","locations":{"progression":0.8335906143871565,"position":1,"totalProgression":0}} viewport={"offset":1645.7142333984375,"viewport":412,"width":2468}
10-08 22:32:31.791 22141 22141 I ReaderEvidence: PREVIEW_WAIT requested={"href":"EPUB\/chapter1.xhtml","type":"application\/xhtml+xml","locations":{"progression":0.83,"totalProgression":0.415}} current={"href":"EPUB\/chapter1.xhtml","type":"application\/xhtml+xml","title":"El jardín de las palabras","locations":{"progression":0.6668724915097253,"position":1,"totalProgression":0}} viewport={"offset":1645.7142333984375,"viewport":412,"width":2468}
10-08 22:32:31.898 22141 22141 I ReaderEvidence: PREVIEW_WAIT requested={"href":"EPUB\/chapter1.xhtml","type":"application\/xhtml+xml","locations":{"progression":0.83,"totalProgression":0.415}} current={"href":"EPUB\/chapter1.xhtml","type":"application\/xhtml+xml","title":"El jardín de las palabras","locations":{"progression":0.6668724915097253,"position":1,"totalProgression":0}} viewport={"offset":1645.7142333984375,"viewport":412,"width":2468}
10-08 22:32:32.001 22141 22141 I ReaderEvidence: PREVIEW_SETTLED requested={"href":"EPUB\/chapter1.xhtml","type":"application\/xhtml+xml","locations":{"progression":0.83,"totalProgression":0.415}} viewport={"offset":1645.7142333984375,"viewport":412,"width":2468} rendered={"href":"EPUB\/chapter1.xhtml","type":"application\/xhtml+xml","locations":{"cssSelector":"#p-1-19"},"text":{"highlight":"Pasaje 1.19: La viajera mira el jardín. Una canción recuerda el árbol, mientras los niños caminan entre flores. Cada palabra tiene su lugar en esta historia."}}
10-08 22:32:32.001 22141 22141 I ReaderEvidence: SLIDER_PREVIEW requested={"href":"EPUB\/chapter1.xhtml","type":"application\/xhtml+xml","locations":{"progression":0.83,"totalProgression":0.415}} visible={"href":"EPUB\/chapter2.xhtml","type":"application\/xhtml+xml","title":"Chapter 2","locations":{"cssSelector":"#p-2-04","progression":0.16671812287743132,"position":2,"totalProgression":0.5},"text":{"highlight":"Pasaje 2.04: La viajera mira el jardín. Una canción recuerda el árbol, mientras los niños caminan entre flores. Cada palabra tiene su lugar en esta historia."}}
10-08 22:32:32.035 22141 22141 I ReaderEvidence: VISIBLE {"href":"EPUB\/chapter1.xhtml","type":"application\/xhtml+xml","title":"El jardín de las palabras","locations":{"cssSelector":"#p-1-19","progression":0.6668724915097253,"position":1,"totalProgression":0},"text":{"highlight":"Pasaje 1.19: La viajera mira el jardín. Una canción recuerda el árbol, mientras los niños caminan entre flores. Cada palabra tiene su lugar en esta historia."}}
10-08 22:32:32.036 22141 22141 I ReaderEvidence: ANNOTATION_RENDERED [{"boxes":2,"endElement":"p-1-01","endOffset":103,"id":"acefd6e8-92f7-43d1-b2f5-a97fe34601b8","startElement":"p-1-01","startOffset":44,"text":"canción recuerda el árbol, mientras los niños caminan entre"}]
10-08 22:32:34.079 22141 22141 I ReaderEvidence: PREVIEW_WAIT requested={"href":"EPUB\/chapter1.xhtml","type":"application\/xhtml+xml","locations":{"progression":0.38,"totalProgression":0.19}} current={"href":"EPUB\/chapter1.xhtml","type":"application\/xhtml+xml","title":"El jardín de las palabras","locations":{"progression":0.6668724915097253,"position":1,"totalProgression":0}} viewport={"offset":0,"viewport":412,"width":2468}
10-08 22:32:34.450 22141 22141 I ReaderEvidence: VISIBLE {"href":"EPUB\/chapter1.xhtml","type":"application\/xhtml+xml","title":"El jardín de las palabras","locations":{"cssSelector":"#p-1-09","progression":0.33343624575486264,"position":1,"totalProgression":0},"text":{"highlight":"Pasaje 1.09: La viajera mira el jardín. Una canción recuerda el árbol, mientras los niños caminan entre flores. Cada palabra tiene su lugar en esta historia."}}
10-08 22:32:34.451 22141 22141 I ReaderEvidence: ANNOTATION_RENDERED [{"boxes":2,"endElement":"p-1-01","endOffset":103,"id":"acefd6e8-92f7-43d1-b2f5-a97fe34601b8","startElement":"p-1-01","startOffset":44,"text":"canción recuerda el árbol, mientras los niños caminan entre"}]
10-08 22:32:34.522 22141 22141 I ReaderEvidence: PREVIEW_SETTLED requested={"href":"EPUB\/chapter1.xhtml","type":"application\/xhtml+xml","locations":{"progression":0.38,"totalProgression":0.19}} viewport={"offset":822.8571166992188,"viewport":412,"width":2468} rendered={"href":"EPUB\/chapter1.xhtml","type":"application\/xhtml+xml","locations":{"cssSelector":"#p-1-09"},"text":{"highlight":"Pasaje 1.09: La viajera mira el jardín. Una canción recuerda el árbol, mientras los niños caminan entre flores. Cada palabra tiene su lugar en esta historia."}}
10-08 22:32:34.523 22141 22141 I ReaderEvidence: SLIDER_PREVIEW requested={"href":"EPUB\/chapter1.xhtml","type":"application\/xhtml+xml","locations":{"progression":0.38,"totalProgression":0.19}} visible={"href":"EPUB\/chapter1.xhtml","type":"application\/xhtml+xml","title":"El jardín de las palabras","locations":{"cssSelector":"#p-1-09","progression":0.33343624575486264,"position":1,"totalProgression":0},"text":{"highlight":"Pasaje 1.09: La viajera mira el jardín. Una canción recuerda el árbol, mientras los niños caminan entre flores. Cada palabra tiene su lugar en esta historia."}}
10-08 22:32:54.687 22141 22141 I ReaderEvidence: PREVIEW_SETTLED requested={"href":"EPUB\/chapter1.xhtml","type":"application\/xhtml+xml","title":"El jardín de las palabras","locations":{"cssSelector":"#p-1-06","progression":0.2666995925422892,"position":1,"totalProgression":0},"text":{"highlight":"Pasaje 1.06: La viajera mira el jardín. Una canción recuerda el árbol, mientras los niños caminan entre flores. Cada palabra tiene su lugar en esta historia."}} viewport={"offset":411.4285583496094,"viewport":412,"width":2468} rendered={"href":"EPUB\/chapter1.xhtml","type":"application\/xhtml+xml","locations":{"cssSelector":"#p-1-04"},"text":{"highlight":"Pasaje 1.04: La viajera mira el jardín. Una canción recuerda el árbol, mientras los niños caminan entre flores. Cada palabra tiene su lugar en esta historia."}}
10-08 22:32:54.688 22141 22141 I ReaderEvidence: SLIDER_CANCEL committed={"href":"EPUB\/chapter1.xhtml","type":"application\/xhtml+xml","title":"El jardín de las palabras","locations":{"cssSelector":"#p-1-06","progression":0.2666995925422892,"position":1,"totalProgression":0},"text":{"highlight":"Pasaje 1.06: La viajera mira el jardín. Una canción recuerda el árbol, mientras los niños caminan entre flores. Cada palabra tiene su lugar en esta historia."}} return={"href":"EPUB\/chapter2.xhtml","type":"application\/xhtml+xml","title":"Chapter 2","locations":{"cssSelector":"#chapter-2","progression":0,"position":2,"totalProgression":0.5},"text":{"highlight":"El jardín de las palabras 2"}}
10-08 22:32:55.052 22141 22141 I ReaderEvidence: VISIBLE {"href":"EPUB\/chapter1.xhtml","type":"application\/xhtml+xml","title":"El jardín de las palabras","locations":{"cssSelector":"#p-1-04","progression":0.16671812287743132,"position":1,"totalProgression":0},"text":{"highlight":"Pasaje 1.04: La viajera mira el jardín. Una canción recuerda el árbol, mientras los niños caminan entre flores. Cada palabra tiene su lugar en esta historia."}}
10-08 22:32:55.053 22141 22141 I ReaderEvidence: ANNOTATION_RENDERED [{"boxes":2,"endElement":"p-1-01","endOffset":103,"id":"acefd6e8-92f7-43d1-b2f5-a97fe34601b8","startElement":"p-1-01","startOffset":44,"text":"canción recuerda el árbol, mientras los niños caminan entre"}]
10-08 22:32:58.824 22141 22141 I ReaderEvidence: SLIDER_BEGIN source={"href":"EPUB\/chapter1.xhtml","type":"application\/xhtml+xml","title":"El jardín de las palabras","locations":{"cssSelector":"#p-1-06","progression":0.2666995925422892,"position":1,"totalProgression":0},"text":{"highlight":"Pasaje 1.06: La viajera mira el jardín. Una canción recuerda el árbol, mientras los niños caminan entre flores. Cada palabra tiene su lugar en esta historia."}}
10-08 22:32:58.945 22141 22141 I ReaderEvidence: PREVIEW_WAIT requested={"href":"EPUB\/chapter2.xhtml","type":"application\/xhtml+xml","locations":{"progression":0.27,"totalProgression":0.635}} current={"href":"EPUB\/chapter2.xhtml","type":"application\/xhtml+xml","title":"Chapter 2","locations":{"progression":0.33343624575486264,"position":2,"totalProgression":0.5}} viewport={"offset":411.4285583496094,"viewport":412,"width":2468}
10-08 22:32:59.050 22141 22141 I ReaderEvidence: PREVIEW_WAIT requested={"href":"EPUB\/chapter2.xhtml","type":"application\/xhtml+xml","locations":{"progression":0.27,"totalProgression":0.635}} current={"href":"EPUB\/chapter2.xhtml","type":"application\/xhtml+xml","title":"Chapter 2","locations":{"progression":0.33343624575486264,"position":2,"totalProgression":0.5}} viewport={"offset":411.4285583496094,"viewport":412,"width":2468}
10-08 22:32:59.151 22141 22141 I ReaderEvidence: PREVIEW_WAIT requested={"href":"EPUB\/chapter2.xhtml","type":"application\/xhtml+xml","locations":{"progression":0.27,"totalProgression":0.635}} current={"href":"EPUB\/chapter2.xhtml","type":"application\/xhtml+xml","title":"Chapter 2","locations":{"progression":0.16671812287743132,"position":2,"totalProgression":0.5}} viewport={"offset":411.4285583496094,"viewport":412,"width":2468}
10-08 22:32:59.254 22141 22141 I ReaderEvidence: PREVIEW_SETTLED requested={"href":"EPUB\/chapter2.xhtml","type":"application\/xhtml+xml","locations":{"progression":0.27,"totalProgression":0.635}} viewport={"offset":411.4285583496094,"viewport":412,"width":2468} rendered={"href":"EPUB\/chapter2.xhtml","type":"application\/xhtml+xml","locations":{"cssSelector":"#p-2-04"},"text":{"highlight":"Pasaje 2.04: La viajera mira el jardín. Una canción recuerda el árbol, mientras los niños caminan entre flores. Cada palabra tiene su lugar en esta historia."}}
10-08 22:32:59.254 22141 22141 I ReaderEvidence: SLIDER_PREVIEW requested={"href":"EPUB\/chapter2.xhtml","type":"application\/xhtml+xml","locations":{"progression":0.27,"totalProgression":0.635}} visible={"href":"EPUB\/chapter1.xhtml","type":"application\/xhtml+xml","title":"El jardín de las palabras","locations":{"cssSelector":"#p-1-04","progression":0.16671812287743132,"position":1,"totalProgression":0},"text":{"highlight":"Pasaje 1.04: La viajera mira el jardín. Una canción recuerda el árbol, mientras los niños caminan entre flores. Cada palabra tiene su lugar en esta historia."}}
10-08 22:32:59.313 22141 22141 I ReaderEvidence: VISIBLE {"href":"EPUB\/chapter2.xhtml","type":"application\/xhtml+xml","title":"Chapter 2","locations":{"cssSelector":"#p-2-04","progression":0.16671812287743132,"position":2,"totalProgression":0.5},"text":{"highlight":"Pasaje 2.04: La viajera mira el jardín. Una canción recuerda el árbol, mientras los niños caminan entre flores. Cada palabra tiene su lugar en esta historia."}}
10-08 22:32:59.314 22141 22141 I ReaderEvidence: ANNOTATION_RENDERED []
10-08 22:33:01.190 22141 22141 I ReaderEvidence: PREVIEW_WAIT requested={"href":"EPUB\/chapter1.xhtml","type":"application\/xhtml+xml","locations":{"progression":0.83,"totalProgression":0.415}} current={"href":"EPUB\/chapter1.xhtml","type":"application\/xhtml+xml","title":"El jardín de las palabras","locations":{"progression":0.8335906143871565,"position":1,"totalProgression":0}} viewport={"offset":1645.7142333984375,"viewport":412,"width":2468}
10-08 22:33:01.297 22141 22141 I ReaderEvidence: PREVIEW_WAIT requested={"href":"EPUB\/chapter1.xhtml","type":"application\/xhtml+xml","locations":{"progression":0.83,"totalProgression":0.415}} current={"href":"EPUB\/chapter1.xhtml","type":"application\/xhtml+xml","title":"El jardín de las palabras","locations":{"progression":0.8335906143871565,"position":1,"totalProgression":0}} viewport={"offset":1645.7142333984375,"viewport":412,"width":2468}
10-08 22:33:01.399 22141 22141 I ReaderEvidence: PREVIEW_WAIT requested={"href":"EPUB\/chapter1.xhtml","type":"application\/xhtml+xml","locations":{"progression":0.83,"totalProgression":0.415}} current={"href":"EPUB\/chapter1.xhtml","type":"application\/xhtml+xml","title":"El jardín de las palabras","locations":{"progression":0.6668724915097253,"position":1,"totalProgression":0}} viewport={"offset":1645.7142333984375,"viewport":412,"width":2468}
10-08 22:33:01.502 22141 22141 I ReaderEvidence: PREVIEW_SETTLED requested={"href":"EPUB\/chapter1.xhtml","type":"application\/xhtml+xml","locations":{"progression":0.83,"totalProgression":0.415}} viewport={"offset":1645.7142333984375,"viewport":412,"width":2468} rendered={"href":"EPUB\/chapter1.xhtml","type":"application\/xhtml+xml","locations":{"cssSelector":"#p-1-19"},"text":{"highlight":"Pasaje 1.19: La viajera mira el jardín. Una canción recuerda el árbol, mientras los niños caminan entre flores. Cada palabra tiene su lugar en esta historia."}}
10-08 22:33:01.502 22141 22141 I ReaderEvidence: SLIDER_PREVIEW requested={"href":"EPUB\/chapter1.xhtml","type":"application\/xhtml+xml","locations":{"progression":0.83,"totalProgression":0.415}} visible={"href":"EPUB\/chapter2.xhtml","type":"application\/xhtml+xml","title":"Chapter 2","locations":{"cssSelector":"#p-2-04","progression":0.16671812287743132,"position":2,"totalProgression":0.5},"text":{"highlight":"Pasaje 2.04: La viajera mira el jardín. Una canción recuerda el árbol, mientras los niños caminan entre flores. Cada palabra tiene su lugar en esta historia."}}
10-08 22:33:01.553 22141 22141 I ReaderEvidence: VISIBLE {"href":"EPUB\/chapter1.xhtml","type":"application\/xhtml+xml","title":"El jardín de las palabras","locations":{"cssSelector":"#p-1-19","progression":0.6668724915097253,"position":1,"totalProgression":0},"text":{"highlight":"Pasaje 1.19: La viajera mira el jardín. Una canción recuerda el árbol, mientras los niños caminan entre flores. Cada palabra tiene su lugar en esta historia."}}
10-08 22:33:01.554 22141 22141 I ReaderEvidence: ANNOTATION_RENDERED [{"boxes":2,"endElement":"p-1-01","endOffset":103,"id":"acefd6e8-92f7-43d1-b2f5-a97fe34601b8","startElement":"p-1-01","startOffset":44,"text":"canción recuerda el árbol, mientras los niños caminan entre"}]
10-08 22:33:03.437 22141 22141 I ReaderEvidence: PREVIEW_WAIT requested={"href":"EPUB\/chapter1.xhtml","type":"application\/xhtml+xml","locations":{"progression":0.38,"totalProgression":0.19}} current={"href":"EPUB\/chapter1.xhtml","type":"application\/xhtml+xml","title":"El jardín de las palabras","locations":{"progression":0.6668724915097253,"position":1,"totalProgression":0}} viewport={"offset":822.8571166992188,"viewport":412,"width":2468}
10-08 22:33:03.632 22141 22141 I ReaderEvidence: PREVIEW_WAIT requested={"href":"EPUB\/chapter1.xhtml","type":"application\/xhtml+xml","locations":{"progression":0.38,"totalProgression":0.19}} current={"href":"EPUB\/chapter1.xhtml","type":"application\/xhtml+xml","title":"El jardín de las palabras","locations":{"progression":0,"position":1,"totalProgression":0}} viewport={"offset":0,"viewport":412,"width":2468}
10-08 22:33:03.999 22141 22141 I ReaderEvidence: VISIBLE {"href":"EPUB\/chapter1.xhtml","type":"application\/xhtml+xml","title":"El jardín de las palabras","locations":{"cssSelector":"#p-1-09","progression":0.33343624575486264,"position":1,"totalProgression":0},"text":{"highlight":"Pasaje 1.09: La viajera mira el jardín. Una canción recuerda el árbol, mientras los niños caminan entre flores. Cada palabra tiene su lugar en esta historia."}}
10-08 22:33:04.000 22141 22141 I ReaderEvidence: ANNOTATION_RENDERED [{"boxes":2,"endElement":"p-1-01","endOffset":103,"id":"acefd6e8-92f7-43d1-b2f5-a97fe34601b8","startElement":"p-1-01","startOffset":44,"text":"canción recuerda el árbol, mientras los niños caminan entre"}]
10-08 22:33:04.037 22141 22141 I ReaderEvidence: PREVIEW_SETTLED requested={"href":"EPUB\/chapter1.xhtml","type":"application\/xhtml+xml","locations":{"progression":0.38,"totalProgression":0.19}} viewport={"offset":822.8571166992188,"viewport":412,"width":2468} rendered={"href":"EPUB\/chapter1.xhtml","type":"application\/xhtml+xml","locations":{"cssSelector":"#p-1-09"},"text":{"highlight":"Pasaje 1.09: La viajera mira el jardín. Una canción recuerda el árbol, mientras los niños caminan entre flores. Cada palabra tiene su lugar en esta historia."}}
10-08 22:33:04.038 22141 22141 I ReaderEvidence: SLIDER_PREVIEW requested={"href":"EPUB\/chapter1.xhtml","type":"application\/xhtml+xml","locations":{"progression":0.38,"totalProgression":0.19}} visible={"href":"EPUB\/chapter1.xhtml","type":"application\/xhtml+xml","title":"El jardín de las palabras","locations":{"cssSelector":"#p-1-09","progression":0.33343624575486264,"position":1,"totalProgression":0},"text":{"highlight":"Pasaje 1.09: La viajera mira el jardín. Una canción recuerda el árbol, mientras los niños caminan entre flores. Cada palabra tiene su lugar en esta historia."}}
10-08 22:33:10.557 23111 23111 I ReaderEvidence: ANNOTATION_RENDERED [{"boxes":2,"endElement":"p-1-01","endOffset":103,"id":"acefd6e8-92f7-43d1-b2f5-a97fe34601b8","startElement":"p-1-01","startOffset":44,"text":"canción recuerda el árbol, mientras los niños caminan entre"}]
10-08 22:33:10.557 23111 23111 I ReaderEvidence: ANNOTATION_RESTORED id=acefd6e8-92f7-43d1-b2f5-a97fe34601b8 kind=passage color=Yellow note= range={"href":"EPUB\/chapter1.xhtml","type":"application\/xhtml+xml","title":"El jardín de las palabras","locations":{"progression":0.0666748981355723,"position":1,"totalProgression":0},"text":{"before":"jardín de las palabras 1Árbol, canción y corazón. Espero que estas palabras no afecten la lectura.Ir al segundo capítulo [2].Pasaje 1.01: La viajera mira el jardín. Una ","highlight":"canción recuerda el árbol, mientras los niños caminan entre","after":" flores. Cada palabra tiene su lugar en esta historia.Pasaje 1.02: La viajera mira el jardín. Una canción recuerda el árbol, mientras los niños caminan entre flores. Cada palabra tiene su lugar en"}}
10-08 22:33:11.137 23111 23111 I ReaderEvidence: SLIDER_STATE return={"href":"EPUB\/chapter2.xhtml","type":"application\/xhtml+xml","title":"Chapter 2","locations":{"cssSelector":"#chapter-2","progression":0,"position":2,"totalProgression":0.5},"text":{"highlight":"El jardín de las palabras 2"}} positions=200
10-08 22:33:11.330 23111 23111 I ReaderEvidence: VISIBLE {"href":"EPUB\/chapter1.xhtml","type":"application\/xhtml+xml","title":"El jardín de las palabras","locations":{"cssSelector":"#p-1-04","progression":0.16671812287743132,"position":1,"totalProgression":0},"text":{"highlight":"Pasaje 1.04: La viajera mira el jardín. Una canción recuerda el árbol, mientras los niños caminan entre flores. Cada palabra tiene su lugar en esta historia."}}
10-08 22:33:11.334 23111 23111 I ReaderEvidence: ANNOTATION_RENDERED [{"boxes":2,"endElement":"p-1-01","endOffset":103,"id":"acefd6e8-92f7-43d1-b2f5-a97fe34601b8","startElement":"p-1-01","startOffset":44,"text":"canción recuerda el árbol, mientras los niños caminan entre"}]
10-08 22:33:42.241 23111 23111 I ReaderEvidence: SLIDER_BEGIN source={"href":"EPUB\/chapter1.xhtml","type":"application\/xhtml+xml","title":"El jardín de las palabras","locations":{"cssSelector":"#p-1-06","progression":0.2666995925422892,"position":1,"totalProgression":0},"text":{"highlight":"Pasaje 1.06: La viajera mira el jardín. Una canción recuerda el árbol, mientras los niños caminan entre flores. Cada palabra tiene su lugar en esta historia."}}
10-08 22:33:42.540 23111 23111 I ReaderEvidence: PREVIEW_WAIT requested={"href":"EPUB\/chapter2.xhtml","type":"application\/xhtml+xml","locations":{"progression":0.27,"totalProgression":0.635}} current={"href":"EPUB\/chapter2.xhtml","type":"application\/xhtml+xml","title":"Chapter 2","locations":{"progression":0.33343624575486264,"position":2,"totalProgression":0.5}} viewport={"offset":411.4285583496094,"viewport":412,"width":2468}
10-08 22:33:42.651 23111 23111 I ReaderEvidence: PREVIEW_WAIT requested={"href":"EPUB\/chapter2.xhtml","type":"application\/xhtml+xml","locations":{"progression":0.27,"totalProgression":0.635}} current={"href":"EPUB\/chapter2.xhtml","type":"application\/xhtml+xml","title":"Chapter 2","locations":{"progression":0.16671812287743132,"position":2,"totalProgression":0.5}} viewport={"offset":411.4285583496094,"viewport":412,"width":2468}
10-08 22:33:42.752 23111 23111 I ReaderEvidence: PREVIEW_WAIT requested={"href":"EPUB\/chapter2.xhtml","type":"application\/xhtml+xml","locations":{"progression":0.27,"totalProgression":0.635}} current={"href":"EPUB\/chapter2.xhtml","type":"application\/xhtml+xml","title":"Chapter 2","locations":{"progression":0.16671812287743132,"position":2,"totalProgression":0.5}} viewport={"offset":411.4285583496094,"viewport":412,"width":2468}
10-08 22:33:42.857 23111 23111 I ReaderEvidence: PREVIEW_SETTLED requested={"href":"EPUB\/chapter2.xhtml","type":"application\/xhtml+xml","locations":{"progression":0.27,"totalProgression":0.635}} viewport={"offset":411.4285583496094,"viewport":412,"width":2468} rendered={"href":"EPUB\/chapter2.xhtml","type":"application\/xhtml+xml","locations":{"cssSelector":"#p-2-04"},"text":{"highlight":"Pasaje 2.04: La viajera mira el jardín. Una canción recuerda el árbol, mientras los niños caminan entre flores. Cada palabra tiene su lugar en esta historia."}}
10-08 22:33:42.857 23111 23111 I ReaderEvidence: SLIDER_PREVIEW requested={"href":"EPUB\/chapter2.xhtml","type":"application\/xhtml+xml","locations":{"progression":0.27,"totalProgression":0.635}} visible={"href":"EPUB\/chapter1.xhtml","type":"application\/xhtml+xml","title":"El jardín de las palabras","locations":{"cssSelector":"#p-1-04","progression":0.16671812287743132,"position":1,"totalProgression":0},"text":{"highlight":"Pasaje 1.04: La viajera mira el jardín. Una canción recuerda el árbol, mientras los niños caminan entre flores. Cada palabra tiene su lugar en esta historia."}}
10-08 22:33:42.899 23111 23111 I ReaderEvidence: VISIBLE {"href":"EPUB\/chapter2.xhtml","type":"application\/xhtml+xml","title":"Chapter 2","locations":{"cssSelector":"#p-2-04","progression":0.16671812287743132,"position":2,"totalProgression":0.5},"text":{"highlight":"Pasaje 2.04: La viajera mira el jardín. Una canción recuerda el árbol, mientras los niños caminan entre flores. Cada palabra tiene su lugar en esta historia."}}
10-08 22:33:42.900 23111 23111 I ReaderEvidence: ANNOTATION_RENDERED []
10-08 22:33:57.920 23111 23111 I ReaderEvidence: COMMITTED {"href":"EPUB\/chapter2.xhtml","type":"application\/xhtml+xml","title":"Chapter 2","locations":{"cssSelector":"#p-2-04","progression":0.16671812287743132,"position":2,"totalProgression":0.5},"text":{"highlight":"Pasaje 2.04: La viajera mira el jardín. Una canción recuerda el árbol, mientras los niños caminan entre flores. Cada palabra tiene su lugar en esta historia."}}
10-08 22:33:57.921 23111 23111 I ReaderEvidence: SLIDER_COMMIT source={"href":"EPUB\/chapter1.xhtml","type":"application\/xhtml+xml","title":"El jardín de las palabras","locations":{"cssSelector":"#p-1-06","progression":0.2666995925422892,"position":1,"totalProgression":0},"text":{"highlight":"Pasaje 1.06: La viajera mira el jardín. Una canción recuerda el árbol, mientras los niños caminan entre flores. Cada palabra tiene su lugar en esta historia."}} destination={"href":"EPUB\/chapter2.xhtml","type":"application\/xhtml+xml","title":"Chapter 2","locations":{"cssSelector":"#p-2-04","progression":0.16671812287743132,"position":2,"totalProgression":0.5},"text":{"highlight":"Pasaje 2.04: La viajera mira el jardín. Una canción recuerda el árbol, mientras los niños caminan entre flores. Cada palabra tiene su lugar en esta historia."}} return={"href":"EPUB\/chapter1.xhtml","type":"application\/xhtml+xml","title":"El jardín de las palabras","locations":{"cssSelector":"#p-1-06","progression":0.2666995925422892,"position":1,"totalProgression":0},"text":{"highlight":"Pasaje 1.06: La viajera mira el jardín. Una canción recuerda el árbol, mientras los niños caminan entre flores. Cada palabra tiene su lugar en esta historia."}}
10-08 22:34:02.953 23494 23494 I ReaderEvidence: ANNOTATION_RENDERED []
10-08 22:34:02.956 23494 23494 I ReaderEvidence: ANNOTATION_RESTORED id=acefd6e8-92f7-43d1-b2f5-a97fe34601b8 kind=passage color=Yellow note= range={"href":"EPUB\/chapter1.xhtml","type":"application\/xhtml+xml","title":"El jardín de las palabras","locations":{"progression":0.0666748981355723,"position":1,"totalProgression":0},"text":{"before":"jardín de las palabras 1Árbol, canción y corazón. Espero que estas palabras no afecten la lectura.Ir al segundo capítulo [2].Pasaje 1.01: La viajera mira el jardín. Una ","highlight":"canción recuerda el árbol, mientras los niños caminan entre","after":" flores. Cada palabra tiene su lugar en esta historia.Pasaje 1.02: La viajera mira el jardín. Una canción recuerda el árbol, mientras los niños caminan entre flores. Cada palabra tiene su lugar en"}}
10-08 22:34:03.217 23494 23494 I ReaderEvidence: SLIDER_STATE return={"href":"EPUB\/chapter1.xhtml","type":"application\/xhtml+xml","title":"El jardín de las palabras","locations":{"cssSelector":"#p-1-06","progression":0.2666995925422892,"position":1,"totalProgression":0},"text":{"highlight":"Pasaje 1.06: La viajera mira el jardín. Una canción recuerda el árbol, mientras los niños caminan entre flores. Cada palabra tiene su lugar en esta historia."}} positions=200
10-08 22:34:03.531 23494 23494 I ReaderEvidence: VISIBLE {"href":"EPUB\/chapter2.xhtml","type":"application\/xhtml+xml","title":"Chapter 2","locations":{"cssSelector":"#chapter-2","progression":0,"position":2,"totalProgression":0.5},"text":{"highlight":"El jardín de las palabras 2"}}
10-08 22:34:03.532 23494 23494 I ReaderEvidence: ANNOTATION_RENDERED []
10-08 22:34:14.008 23494 23494 I ReaderEvidence: SLIDER_BEGIN source={"href":"EPUB\/chapter2.xhtml","type":"application\/xhtml+xml","title":"Chapter 2","locations":{"cssSelector":"#p-2-04","progression":0.16671812287743132,"position":2,"totalProgression":0.5},"text":{"highlight":"Pasaje 2.04: La viajera mira el jardín. Una canción recuerda el árbol, mientras los niños caminan entre flores. Cada palabra tiene su lugar en esta historia."}}
10-08 22:34:14.304 23494 23494 I ReaderEvidence: PREVIEW_WAIT requested={"href":"EPUB\/chapter1.xhtml","type":"application\/xhtml+xml","locations":{"progression":0.46,"totalProgression":0.23}} current={"href":"EPUB\/chapter1.xhtml","type":"application\/xhtml+xml","title":"El jardín de las palabras","locations":{"progression":0.5001543686322939,"position":1,"totalProgression":0}} viewport={"offset":822.8571166992188,"viewport":412,"width":2468}
10-08 22:34:14.412 23494 23494 I ReaderEvidence: PREVIEW_WAIT requested={"href":"EPUB\/chapter1.xhtml","type":"application\/xhtml+xml","locations":{"progression":0.46,"totalProgression":0.23}} current={"href":"EPUB\/chapter1.xhtml","type":"application\/xhtml+xml","title":"El jardín de las palabras","locations":{"progression":0.5001543686322939,"position":1,"totalProgression":0}} viewport={"offset":822.8571166992188,"viewport":412,"width":2468}
10-08 22:34:14.516 23494 23494 I ReaderEvidence: PREVIEW_WAIT requested={"href":"EPUB\/chapter1.xhtml","type":"application\/xhtml+xml","locations":{"progression":0.46,"totalProgression":0.23}} current={"href":"EPUB\/chapter1.xhtml","type":"application\/xhtml+xml","title":"El jardín de las palabras","locations":{"progression":0.33343624575486264,"position":1,"totalProgression":0}} viewport={"offset":822.8571166992188,"viewport":412,"width":2468}
10-08 22:34:14.620 23494 23494 I ReaderEvidence: PREVIEW_SETTLED requested={"href":"EPUB\/chapter1.xhtml","type":"application\/xhtml+xml","locations":{"progression":0.46,"totalProgression":0.23}} viewport={"offset":822.8571166992188,"viewport":412,"width":2468} rendered={"href":"EPUB\/chapter1.xhtml","type":"application\/xhtml+xml","locations":{"cssSelector":"#p-1-09"},"text":{"highlight":"Pasaje 1.09: La viajera mira el jardín. Una canción recuerda el árbol, mientras los niños caminan entre flores. Cada palabra tiene su lugar en esta historia."}}
10-08 22:34:14.620 23494 23494 I ReaderEvidence: SLIDER_PREVIEW requested={"href":"EPUB\/chapter1.xhtml","type":"application\/xhtml+xml","locations":{"progression":0.46,"totalProgression":0.23}} visible={"href":"EPUB\/chapter2.xhtml","type":"application\/xhtml+xml","title":"Chapter 2","locations":{"cssSelector":"#chapter-2","progression":0,"position":2,"totalProgression":0.5},"text":{"highlight":"El jardín de las palabras 2"}}
10-08 22:34:14.665 23494 23494 I ReaderEvidence: VISIBLE {"href":"EPUB\/chapter1.xhtml","type":"application\/xhtml+xml","title":"El jardín de las palabras","locations":{"cssSelector":"#p-1-09","progression":0.33343624575486264,"position":1,"totalProgression":0},"text":{"highlight":"Pasaje 1.09: La viajera mira el jardín. Una canción recuerda el árbol, mientras los niños caminan entre flores. Cada palabra tiene su lugar en esta historia."}}
10-08 22:34:14.665 23494 23494 I ReaderEvidence: ANNOTATION_RENDERED [{"boxes":2,"endElement":"p-1-01","endOffset":103,"id":"acefd6e8-92f7-43d1-b2f5-a97fe34601b8","startElement":"p-1-01","startOffset":44,"text":"canción recuerda el árbol, mientras los niños caminan entre"}]
10-08 22:34:25.949 23494 23494 I ReaderEvidence: COMMITTED {"href":"EPUB\/chapter1.xhtml","type":"application\/xhtml+xml","title":"El jardín de las palabras","locations":{"cssSelector":"#p-1-09","progression":0.33343624575486264,"position":1,"totalProgression":0},"text":{"highlight":"Pasaje 1.09: La viajera mira el jardín. Una canción recuerda el árbol, mientras los niños caminan entre flores. Cada palabra tiene su lugar en esta historia."}}
10-08 22:34:25.949 23494 23494 I ReaderEvidence: SLIDER_COMMIT source={"href":"EPUB\/chapter2.xhtml","type":"application\/xhtml+xml","title":"Chapter 2","locations":{"cssSelector":"#p-2-04","progression":0.16671812287743132,"position":2,"totalProgression":0.5},"text":{"highlight":"Pasaje 2.04: La viajera mira el jardín. Una canción recuerda el árbol, mientras los niños caminan entre flores. Cada palabra tiene su lugar en esta historia."}} destination={"href":"EPUB\/chapter1.xhtml","type":"application\/xhtml+xml","title":"El jardín de las palabras","locations":{"cssSelector":"#p-1-09","progression":0.33343624575486264,"position":1,"totalProgression":0},"text":{"highlight":"Pasaje 1.09: La viajera mira el jardín. Una canción recuerda el árbol, mientras los niños caminan entre flores. Cada palabra tiene su lugar en esta historia."}} return={"href":"EPUB\/chapter2.xhtml","type":"application\/xhtml+xml","title":"Chapter 2","locations":{"cssSelector":"#p-2-04","progression":0.16671812287743132,"position":2,"totalProgression":0.5},"text":{"highlight":"Pasaje 2.04: La viajera mira el jardín. Una canción recuerda el árbol, mientras los niños caminan entre flores. Cada palabra tiene su lugar en esta historia."}}
10-08 22:34:39.963 23494 23494 I ReaderEvidence: PREVIEW_SETTLED requested={"href":"EPUB\/chapter2.xhtml","type":"application\/xhtml+xml","title":"Chapter 2","locations":{"cssSelector":"#p-2-04","progression":0.16671812287743132,"position":2,"totalProgression":0.5},"text":{"highlight":"Pasaje 2.04: La viajera mira el jardín. Una canción recuerda el árbol, mientras los niños caminan entre flores. Cada palabra tiene su lugar en esta historia."}} viewport={"offset":0,"viewport":412,"width":2468} rendered={"href":"EPUB\/chapter2.xhtml","type":"application\/xhtml+xml","locations":{"cssSelector":"#chapter-2"},"text":{"highlight":"El jardín de las palabras 2"}}
10-08 22:34:40.024 23494 23494 I ReaderEvidence: COMMITTED {"href":"EPUB\/chapter2.xhtml","type":"application\/xhtml+xml","title":"Chapter 2","locations":{"cssSelector":"#p-2-04","progression":0.16671812287743132,"position":2,"totalProgression":0.5},"text":{"highlight":"Pasaje 2.04: La viajera mira el jardín. Una canción recuerda el árbol, mientras los niños caminan entre flores. Cada palabra tiene su lugar en esta historia."}}
10-08 22:34:40.024 23494 23494 I ReaderEvidence: SLIDER_COMMIT source={"href":"EPUB\/chapter1.xhtml","type":"application\/xhtml+xml","title":"El jardín de las palabras","locations":{"cssSelector":"#p-1-09","progression":0.33343624575486264,"position":1,"totalProgression":0},"text":{"highlight":"Pasaje 1.09: La viajera mira el jardín. Una canción recuerda el árbol, mientras los niños caminan entre flores. Cada palabra tiene su lugar en esta historia."}} destination={"href":"EPUB\/chapter2.xhtml","type":"application\/xhtml+xml","title":"Chapter 2","locations":{"cssSelector":"#p-2-04","progression":0.16671812287743132,"position":2,"totalProgression":0.5},"text":{"highlight":"Pasaje 2.04: La viajera mira el jardín. Una canción recuerda el árbol, mientras los niños caminan entre flores. Cada palabra tiene su lugar en esta historia."}} return={"href":"EPUB\/chapter1.xhtml","type":"application\/xhtml+xml","title":"El jardín de las palabras","locations":{"cssSelector":"#p-1-09","progression":0.33343624575486264,"position":1,"totalProgression":0},"text":{"highlight":"Pasaje 1.09: La viajera mira el jardín. Una canción recuerda el árbol, mientras los niños caminan entre flores. Cada palabra tiene su lugar en esta historia."}}
10-08 22:34:40.220 23494 23494 I ReaderEvidence: VISIBLE {"href":"EPUB\/chapter2.xhtml","type":"application\/xhtml+xml","title":"Chapter 2","locations":{"cssSelector":"#chapter-2","progression":0,"position":2,"totalProgression":0.5},"text":{"highlight":"El jardín de las palabras 2"}}
10-08 22:34:40.254 23494 23494 I ReaderEvidence: ANNOTATION_RENDERED []
10-08 22:34:51.768 23494 23494 I ReaderEvidence: PREVIEW_SETTLED requested={"href":"EPUB\/chapter1.xhtml","type":"application\/xhtml+xml","title":"El jardín de las palabras","locations":{"cssSelector":"#p-1-09","progression":0.33343624575486264,"position":1,"totalProgression":0},"text":{"highlight":"Pasaje 1.09: La viajera mira el jardín. Una canción recuerda el árbol, mientras los niños caminan entre flores. Cada palabra tiene su lugar en esta historia."}} viewport={"offset":411.4285583496094,"viewport":412,"width":2468} rendered={"href":"EPUB\/chapter1.xhtml","type":"application\/xhtml+xml","locations":{"cssSelector":"#p-1-04"},"text":{"highlight":"Pasaje 1.04: La viajera mira el jardín. Una canción recuerda el árbol, mientras los niños caminan entre flores. Cada palabra tiene su lugar en esta historia."}}
10-08 22:34:51.858 23494 23494 I ReaderEvidence: COMMITTED {"href":"EPUB\/chapter1.xhtml","type":"application\/xhtml+xml","title":"El jardín de las palabras","locations":{"cssSelector":"#p-1-09","progression":0.33343624575486264,"position":1,"totalProgression":0},"text":{"highlight":"Pasaje 1.09: La viajera mira el jardín. Una canción recuerda el árbol, mientras los niños caminan entre flores. Cada palabra tiene su lugar en esta historia."}}
10-08 22:34:51.859 23494 23494 I ReaderEvidence: SLIDER_COMMIT source={"href":"EPUB\/chapter2.xhtml","type":"application\/xhtml+xml","title":"Chapter 2","locations":{"cssSelector":"#p-2-04","progression":0.16671812287743132,"position":2,"totalProgression":0.5},"text":{"highlight":"Pasaje 2.04: La viajera mira el jardín. Una canción recuerda el árbol, mientras los niños caminan entre flores. Cada palabra tiene su lugar en esta historia."}} destination={"href":"EPUB\/chapter1.xhtml","type":"application\/xhtml+xml","title":"El jardín de las palabras","locations":{"cssSelector":"#p-1-09","progression":0.33343624575486264,"position":1,"totalProgression":0},"text":{"highlight":"Pasaje 1.09: La viajera mira el jardín. Una canción recuerda el árbol, mientras los niños caminan entre flores. Cada palabra tiene su lugar en esta historia."}} return={"href":"EPUB\/chapter2.xhtml","type":"application\/xhtml+xml","title":"Chapter 2","locations":{"cssSelector":"#p-2-04","progression":0.16671812287743132,"position":2,"totalProgression":0.5},"text":{"highlight":"Pasaje 2.04: La viajera mira el jardín. Una canción recuerda el árbol, mientras los niños caminan entre flores. Cada palabra tiene su lugar en esta historia."}}
10-08 22:34:52.136 23494 23494 I ReaderEvidence: VISIBLE {"href":"EPUB\/chapter1.xhtml","type":"application\/xhtml+xml","title":"El jardín de las palabras","locations":{"cssSelector":"#p-1-04","progression":0.16671812287743132,"position":1,"totalProgression":0},"text":{"highlight":"Pasaje 1.04: La viajera mira el jardín. Una canción recuerda el árbol, mientras los niños caminan entre flores. Cada palabra tiene su lugar en esta historia."}}
10-08 22:34:52.137 23494 23494 I ReaderEvidence: ANNOTATION_RENDERED [{"boxes":2,"endElement":"p-1-01","endOffset":103,"id":"acefd6e8-92f7-43d1-b2f5-a97fe34601b8","startElement":"p-1-01","startOffset":44,"text":"canción recuerda el árbol, mientras los niños caminan entre"}]
10-08 22:34:56.318 23494 23494 I ReaderEvidence: VISIBLE {"href":"EPUB\/chapter1.xhtml","type":"application\/xhtml+xml","title":"El jardín de las palabras","locations":{"cssSelector":"#p-1-09","progression":0.33343624575486264,"position":1,"totalProgression":0},"text":{"highlight":"Pasaje 1.09: La viajera mira el jardín. Una canción recuerda el árbol, mientras los niños caminan entre flores. Cada palabra tiene su lugar en esta historia."}}
10-08 22:34:56.327 23494 23494 I ReaderEvidence: ANNOTATION_RENDERED [{"boxes":2,"endElement":"p-1-01","endOffset":103,"id":"acefd6e8-92f7-43d1-b2f5-a97fe34601b8","startElement":"p-1-01","startOffset":44,"text":"canción recuerda el árbol, mientras los niños caminan entre"}]
10-08 22:34:56.328 23494 23494 I ReaderEvidence: COMMITTED {"href":"EPUB\/chapter1.xhtml","type":"application\/xhtml+xml","title":"El jardín de las palabras","locations":{"cssSelector":"#p-1-09","progression":0.33343624575486264,"position":1,"totalProgression":0},"text":{"highlight":"Pasaje 1.09: La viajera mira el jardín. Una canción recuerda el árbol, mientras los niños caminan entre flores. Cada palabra tiene su lugar en esta historia."}}
10-08 22:34:59.819 23494 23494 I ReaderEvidence: PREVIEW_SETTLED requested={"href":"EPUB\/chapter2.xhtml","type":"application\/xhtml+xml","title":"Chapter 2","locations":{"cssSelector":"#p-2-04","progression":0.16671812287743132,"position":2,"totalProgression":0.5},"text":{"highlight":"Pasaje 2.04: La viajera mira el jardín. Una canción recuerda el árbol, mientras los niños caminan entre flores. Cada palabra tiene su lugar en esta historia."}} viewport={"offset":0,"viewport":412,"width":2468} rendered={"href":"EPUB\/chapter2.xhtml","type":"application\/xhtml+xml","locations":{"cssSelector":"#chapter-2"},"text":{"highlight":"El jardín de las palabras 2"}}
10-08 22:34:59.829 23494 23494 I ReaderEvidence: COMMITTED {"href":"EPUB\/chapter2.xhtml","type":"application\/xhtml+xml","title":"Chapter 2","locations":{"cssSelector":"#p-2-04","progression":0.16671812287743132,"position":2,"totalProgression":0.5},"text":{"highlight":"Pasaje 2.04: La viajera mira el jardín. Una canción recuerda el árbol, mientras los niños caminan entre flores. Cada palabra tiene su lugar en esta historia."}}
10-08 22:34:59.832 23494 23494 I ReaderEvidence: SLIDER_COMMIT source={"href":"EPUB\/chapter1.xhtml","type":"application\/xhtml+xml","title":"El jardín de las palabras","locations":{"cssSelector":"#p-1-09","progression":0.33343624575486264,"position":1,"totalProgression":0},"text":{"highlight":"Pasaje 1.09: La viajera mira el jardín. Una canción recuerda el árbol, mientras los niños caminan entre flores. Cada palabra tiene su lugar en esta historia."}} destination={"href":"EPUB\/chapter2.xhtml","type":"application\/xhtml+xml","title":"Chapter 2","locations":{"cssSelector":"#p-2-04","progression":0.16671812287743132,"position":2,"totalProgression":0.5},"text":{"highlight":"Pasaje 2.04: La viajera mira el jardín. Una canción recuerda el árbol, mientras los niños caminan entre flores. Cada palabra tiene su lugar en esta historia."}} return={"href":"EPUB\/chapter1.xhtml","type":"application\/xhtml+xml","title":"El jardín de las palabras","locations":{"cssSelector":"#p-1-09","progression":0.33343624575486264,"position":1,"totalProgression":0},"text":{"highlight":"Pasaje 1.09: La viajera mira el jardín. Una canción recuerda el árbol, mientras los niños caminan entre flores. Cada palabra tiene su lugar en esta historia."}}
10-08 22:35:00.088 23494 23494 I ReaderEvidence: VISIBLE {"href":"EPUB\/chapter2.xhtml","type":"application\/xhtml+xml","title":"Chapter 2","locations":{"cssSelector":"#chapter-2","progression":0,"position":2,"totalProgression":0.5},"text":{"highlight":"El jardín de las palabras 2"}}
10-08 22:35:00.238 23494 23494 I ReaderEvidence: ANNOTATION_RENDERED []
10-08 22:35:15.193 23494 23494 I ReaderEvidence: PREVIEW_SETTLED requested={"href":"EPUB\/chapter1.xhtml","type":"application\/xhtml+xml","title":"El jardín de las palabras","locations":{"cssSelector":"#p-1-09","progression":0.33343624575486264,"position":1,"totalProgression":0},"text":{"highlight":"Pasaje 1.09: La viajera mira el jardín. Una canción recuerda el árbol, mientras los niños caminan entre flores. Cada palabra tiene su lugar en esta historia."}} viewport={"offset":411.4285583496094,"viewport":412,"width":2468} rendered={"href":"EPUB\/chapter1.xhtml","type":"application\/xhtml+xml","locations":{"cssSelector":"#p-1-04"},"text":{"highlight":"Pasaje 1.04: La viajera mira el jardín. Una canción recuerda el árbol, mientras los niños caminan entre flores. Cada palabra tiene su lugar en esta historia."}}
10-08 22:35:15.219 23494 23494 I ReaderEvidence: COMMITTED {"href":"EPUB\/chapter1.xhtml","type":"application\/xhtml+xml","title":"El jardín de las palabras","locations":{"cssSelector":"#p-1-09","progression":0.33343624575486264,"position":1,"totalProgression":0},"text":{"highlight":"Pasaje 1.09: La viajera mira el jardín. Una canción recuerda el árbol, mientras los niños caminan entre flores. Cada palabra tiene su lugar en esta historia."}}
10-08 22:35:15.221 23494 23494 I ReaderEvidence: SLIDER_COMMIT source={"href":"EPUB\/chapter2.xhtml","type":"application\/xhtml+xml","title":"Chapter 2","locations":{"cssSelector":"#p-2-04","progression":0.16671812287743132,"position":2,"totalProgression":0.5},"text":{"highlight":"Pasaje 2.04: La viajera mira el jardín. Una canción recuerda el árbol, mientras los niños caminan entre flores. Cada palabra tiene su lugar en esta historia."}} destination={"href":"EPUB\/chapter1.xhtml","type":"application\/xhtml+xml","title":"El jardín de las palabras","locations":{"cssSelector":"#p-1-09","progression":0.33343624575486264,"position":1,"totalProgression":0},"text":{"highlight":"Pasaje 1.09: La viajera mira el jardín. Una canción recuerda el árbol, mientras los niños caminan entre flores. Cada palabra tiene su lugar en esta historia."}} return={"href":"EPUB\/chapter2.xhtml","type":"application\/xhtml+xml","title":"Chapter 2","locations":{"cssSelector":"#p-2-04","progression":0.16671812287743132,"position":2,"totalProgression":0.5},"text":{"highlight":"Pasaje 2.04: La viajera mira el jardín. Una canción recuerda el árbol, mientras los niños caminan entre flores. Cada palabra tiene su lugar en esta historia."}}
10-08 22:35:15.666 23494 23494 I ReaderEvidence: VISIBLE {"href":"EPUB\/chapter1.xhtml","type":"application\/xhtml+xml","title":"El jardín de las palabras","locations":{"cssSelector":"#p-1-04","progression":0.16671812287743132,"position":1,"totalProgression":0},"text":{"highlight":"Pasaje 1.04: La viajera mira el jardín. Una canción recuerda el árbol, mientras los niños caminan entre flores. Cada palabra tiene su lugar en esta historia."}}
10-08 22:35:15.667 23494 23494 I ReaderEvidence: ANNOTATION_RENDERED [{"boxes":2,"endElement":"p-1-01","endOffset":103,"id":"acefd6e8-92f7-43d1-b2f5-a97fe34601b8","startElement":"p-1-01","startOffset":44,"text":"canción recuerda el árbol, mientras los niños caminan entre"}]
10-08 22:35:17.531 23494 23494 I ReaderEvidence: VISIBLE {"href":"EPUB\/chapter1.xhtml","type":"application\/xhtml+xml","title":"El jardín de las palabras","locations":{"cssSelector":"#p-1-09","progression":0.33343624575486264,"position":1,"totalProgression":0},"text":{"highlight":"Pasaje 1.09: La viajera mira el jardín. Una canción recuerda el árbol, mientras los niños caminan entre flores. Cada palabra tiene su lugar en esta historia."}}
10-08 22:35:17.534 23494 23494 I ReaderEvidence: ANNOTATION_RENDERED [{"boxes":2,"endElement":"p-1-01","endOffset":103,"id":"acefd6e8-92f7-43d1-b2f5-a97fe34601b8","startElement":"p-1-01","startOffset":44,"text":"canción recuerda el árbol, mientras los niños caminan entre"}]
10-08 22:35:17.537 23494 23494 I ReaderEvidence: COMMITTED {"href":"EPUB\/chapter1.xhtml","type":"application\/xhtml+xml","title":"El jardín de las palabras","locations":{"cssSelector":"#p-1-09","progression":0.33343624575486264,"position":1,"totalProgression":0},"text":{"highlight":"Pasaje 1.09: La viajera mira el jardín. Una canción recuerda el árbol, mientras los niños caminan entre flores. Cada palabra tiene su lugar en esta historia."}}
10-08 22:35:18.942 23494 23494 I ReaderEvidence: VISIBLE {"href":"EPUB\/chapter1.xhtml","type":"application\/xhtml+xml","title":"El jardín de las palabras","locations":{"cssSelector":"#p-1-14","progression":0.5001543686322939,"position":1,"totalProgression":0},"text":{"highlight":"Pasaje 1.14: La viajera mira el jardín. Una canción recuerda el árbol, mientras los niños caminan entre flores. Cada palabra tiene su lugar en esta historia."}}
10-08 22:35:18.945 23494 23494 I ReaderEvidence: ANNOTATION_RENDERED [{"boxes":2,"endElement":"p-1-01","endOffset":103,"id":"acefd6e8-92f7-43d1-b2f5-a97fe34601b8","startElement":"p-1-01","startOffset":44,"text":"canción recuerda el árbol, mientras los niños caminan entre"}]
10-08 22:35:18.948 23494 23494 I ReaderEvidence: COMMITTED {"href":"EPUB\/chapter1.xhtml","type":"application\/xhtml+xml","title":"El jardín de las palabras","locations":{"cssSelector":"#p-1-14","progression":0.5001543686322939,"position":1,"totalProgression":0},"text":{"highlight":"Pasaje 1.14: La viajera mira el jardín. Una canción recuerda el árbol, mientras los niños caminan entre flores. Cada palabra tiene su lugar en esta historia."}}
10-08 22:35:22.568 23494 23494 I ReaderEvidence: PREVIEW_SETTLED requested={"href":"EPUB\/chapter2.xhtml","type":"application\/xhtml+xml","title":"Chapter 2","locations":{"cssSelector":"#p-2-04","progression":0.16671812287743132,"position":2,"totalProgression":0.5},"text":{"highlight":"Pasaje 2.04: La viajera mira el jardín. Una canción recuerda el árbol, mientras los niños caminan entre flores. Cada palabra tiene su lugar en esta historia."}} viewport={"offset":0,"viewport":412,"width":2468} rendered={"href":"EPUB\/chapter2.xhtml","type":"application\/xhtml+xml","locations":{"cssSelector":"#chapter-2"},"text":{"highlight":"El jardín de las palabras 2"}}
10-08 22:35:22.582 23494 23494 I ReaderEvidence: COMMITTED {"href":"EPUB\/chapter2.xhtml","type":"application\/xhtml+xml","title":"Chapter 2","locations":{"cssSelector":"#p-2-04","progression":0.16671812287743132,"position":2,"totalProgression":0.5},"text":{"highlight":"Pasaje 2.04: La viajera mira el jardín. Una canción recuerda el árbol, mientras los niños caminan entre flores. Cada palabra tiene su lugar en esta historia."}}
10-08 22:35:22.582 23494 23494 I ReaderEvidence: SLIDER_COMMIT source={"href":"EPUB\/chapter1.xhtml","type":"application\/xhtml+xml","title":"El jardín de las palabras","locations":{"cssSelector":"#p-1-14","progression":0.5001543686322939,"position":1,"totalProgression":0},"text":{"highlight":"Pasaje 1.14: La viajera mira el jardín. Una canción recuerda el árbol, mientras los niños caminan entre flores. Cada palabra tiene su lugar en esta historia."}} destination={"href":"EPUB\/chapter2.xhtml","type":"application\/xhtml+xml","title":"Chapter 2","locations":{"cssSelector":"#p-2-04","progression":0.16671812287743132,"position":2,"totalProgression":0.5},"text":{"highlight":"Pasaje 2.04: La viajera mira el jardín. Una canción recuerda el árbol, mientras los niños caminan entre flores. Cada palabra tiene su lugar en esta historia."}} return={"href":"EPUB\/chapter1.xhtml","type":"application\/xhtml+xml","title":"El jardín de las palabras","locations":{"cssSelector":"#p-1-14","progression":0.5001543686322939,"position":1,"totalProgression":0},"text":{"highlight":"Pasaje 1.14: La viajera mira el jardín. Una canción recuerda el árbol, mientras los niños caminan entre flores. Cada palabra tiene su lugar en esta historia."}}
10-08 22:35:22.772 23494 23494 I ReaderEvidence: VISIBLE {"href":"EPUB\/chapter2.xhtml","type":"application\/xhtml+xml","title":"Chapter 2","locations":{"cssSelector":"#chapter-2","progression":0,"position":2,"totalProgression":0.5},"text":{"highlight":"El jardín de las palabras 2"}}
10-08 22:35:22.848 23494 23494 I ReaderEvidence: ANNOTATION_RENDERED []
10-09 05:47:21.924 23494 23494 I ReaderEvidence: DIAGNOSTIC_JUMP kind=Chapter return={"href":"EPUB\/chapter1.xhtml","type":"application\/xhtml+xml","title":"El jardín de las palabras","locations":{"cssSelector":"#p-1-14","progression":0.5001543686322939,"position":1,"totalProgression":0},"text":{"highlight":"Pasaje 1.14: La viajera mira el jardín. Una canción recuerda el árbol, mientras los niños caminan entre flores. Cada palabra tiene su lugar en esta historia."}}
10-09 05:47:26.094 23494 23494 I ReaderEvidence: DIAGNOSTIC_JUMP kind=Search result return={"href":"EPUB\/chapter1.xhtml","type":"application\/xhtml+xml","title":"El jardín de las palabras","locations":{"cssSelector":"#p-1-14","progression":0.5001543686322939,"position":1,"totalProgression":0},"text":{"highlight":"Pasaje 1.14: La viajera mira el jardín. Una canción recuerda el árbol, mientras los niños caminan entre flores. Cada palabra tiene su lugar en esta historia."}}
10-09 05:47:30.237 23494 23494 I ReaderEvidence: DIAGNOSTIC_JUMP kind=Bookmark style return={"href":"EPUB\/chapter1.xhtml","type":"application\/xhtml+xml","title":"El jardín de las palabras","locations":{"cssSelector":"#p-1-14","progression":0.5001543686322939,"position":1,"totalProgression":0},"text":{"highlight":"Pasaje 1.14: La viajera mira el jardín. Una canción recuerda el árbol, mientras los niños caminan entre flores. Cada palabra tiene su lugar en esta historia."}}
10-09 05:47:40.170 30559 30559 I ReaderEvidence: ANNOTATION_RENDERED []
10-09 05:47:40.170 30559 30559 I ReaderEvidence: ANNOTATION_RESTORED id=acefd6e8-92f7-43d1-b2f5-a97fe34601b8 kind=passage color=Yellow note= range={"href":"EPUB\/chapter1.xhtml","type":"application\/xhtml+xml","title":"El jardín de las palabras","locations":{"progression":0.0666748981355723,"position":1,"totalProgression":0},"text":{"before":"jardín de las palabras 1Árbol, canción y corazón. Espero que estas palabras no afecten la lectura.Ir al segundo capítulo [2].Pasaje 1.01: La viajera mira el jardín. Una ","highlight":"canción recuerda el árbol, mientras los niños caminan entre","after":" flores. Cada palabra tiene su lugar en esta historia.Pasaje 1.02: La viajera mira el jardín. Una canción recuerda el árbol, mientras los niños caminan entre flores. Cada palabra tiene su lugar en"}}
10-09 05:47:40.414 30559 30559 I ReaderEvidence: SLIDER_STATE return={"href":"EPUB\/chapter1.xhtml","type":"application\/xhtml+xml","title":"El jardín de las palabras","locations":{"cssSelector":"#p-1-14","progression":0.5001543686322939,"position":1,"totalProgression":0},"text":{"highlight":"Pasaje 1.14: La viajera mira el jardín. Una canción recuerda el árbol, mientras los niños caminan entre flores. Cada palabra tiene su lugar en esta historia."}} positions=200
10-09 05:47:40.675 30559 30559 I ReaderEvidence: VISIBLE {"href":"EPUB\/chapter2.xhtml","type":"application\/xhtml+xml","title":"Chapter 2","locations":{"cssSelector":"#chapter-2","progression":0,"position":2,"totalProgression":0.5},"text":{"highlight":"El jardín de las palabras 2"}}
10-09 05:47:40.676 30559 30559 I ReaderEvidence: ANNOTATION_RENDERED []
10-09 05:47:56.492 30559 30559 I ReaderEvidence: ANNOTATION_RENDERED []
10-09 05:47:56.705 30559 30559 I ReaderEvidence: SLIDER_STATE return=null positions=200
10-09 05:47:56.953 30559 30559 I ReaderEvidence: VISIBLE {"href":"EPUB\/source.xhtml","type":"application\/xhtml+xml","title":"Source","locations":{"cssSelector":"#source-heading","progression":0,"position":1,"totalProgression":0},"text":{"highlight":"Marked short footnote fixture"}}
10-09 05:47:56.954 30559 30559 I ReaderEvidence: ANNOTATION_RENDERED []
10-09 05:48:05.134 30559 30559 I ReaderEvidence: BOOK_NOTE_OPEN target=EPUB/source.xhtml#note-short displayed={"href":"EPUB\/source.xhtml","type":"application\/xhtml+xml","title":"Source","locations":{"cssSelector":"#source-heading","progression":0,"position":1,"totalProgression":0},"text":{"highlight":"Marked short footnote fixture"}} sourceTarget=EPUB/source.xhtml#note-ref committed={"href":"EPUB\/source.xhtml","type":"application\/xhtml+xml","title":"Source","locations":{"cssSelector":"#source-heading","progression":0,"position":1,"totalProgression":0},"text":{"highlight":"Marked short footnote fixture"}}
10-09 05:48:06.116 30559 30650 I ReaderEvidence: NOTE_RESOURCE path=favicon.ico bytes=0
10-09 05:48:16.021 30997 30997 I ReaderEvidence: ANNOTATION_RENDERED []
10-09 05:48:16.429 30997 30997 I ReaderEvidence: SLIDER_STATE return=null positions=200
10-09 05:48:16.654 30997 30997 I ReaderEvidence: VISIBLE {"href":"EPUB\/source.xhtml","type":"application\/xhtml+xml","title":"Source","locations":{"cssSelector":"#source-heading","progression":0,"position":1,"totalProgression":0},"text":{"highlight":"Marked short footnote fixture"}}
10-09 05:48:16.655 30997 30997 I ReaderEvidence: ANNOTATION_RENDERED []
